00:00:02.253857 VirtualBox VM 7.2.6 r172322 win.amd64 (Jan 30 2026 17:17:49) release log
00:00:02.253859 Log opened 2026-07-25T17:37:15.924223400Z
00:00:02.253860 Build Type: release
00:00:02.253862 OS Product: Windows 11
00:00:02.254023 OS Release: 10.0.26200.8655
00:00:02.254024 OS Service Pack: 
00:00:02.300711 DMI Product Name: ASUS TUF Gaming A16 FA607PV_FA607PV
00:00:02.305196 DMI Product Version: 1.0
00:00:02.305203 Firmware type: UEFI
00:00:02.305563 Secure Boot: Disabled
00:00:02.305568 Host RAM: 15583MB (15.2GB) total, 3922MB (3.8GB) available
00:00:02.305570 Executable: C:\Program Files\Oracle\VirtualBox\VirtualBoxVM.exe
00:00:02.305570 Process ID: 18548
00:00:02.305570 Package type: WINDOWS_64BITS_GENERIC
00:00:02.305571 Windows Features:
00:00:02.305571   Core Isolation (Memory Integrity): DISABLED
00:00:02.306167 Installed Extension Packs:
00:00:02.306175   None installed!
00:00:02.306573 Console: Machine state changed to 'Starting'
00:00:02.306766 GUI: Qt version: 6.8.0
00:00:02.306775 GUI: HID LEDs sync is enabled
00:00:02.310230 GUI: UIMediumEnumerator: Medium-enumeration finished!
00:00:02.341099 GUI: Cannot notify guest about VM window out-of-focus event
00:00:02.353079 SUP: seg #0: R   0x00000000 LB 0x00001000
00:00:02.353104 SUP: seg #1: R X 0x00001000 LB 0x00204000
00:00:02.353106 SUP: seg #2: R   0x00205000 LB 0x00053000
00:00:02.353108 SUP: seg #3: RW  0x00258000 LB 0x00013000
00:00:02.353111 SUP: seg #4: R   0x0026b000 LB 0x00013000
00:00:02.353113 SUP: seg #5: RW  0x0027e000 LB 0x00004000
00:00:02.353115 SUP: seg #6: R   0x00282000 LB 0x00007000
00:00:02.353117 SUP: seg #7: R X 0x00289000 LB 0x00002000
00:00:02.353119 SUP: seg #8: R   0x0028b000 LB 0x00007000
00:00:02.356002 SUP: Loaded VMMR0.r0 (C:\Program Files\Oracle\VirtualBox/VMMR0.r0) at 0xXXXXXXXXXXXXXXXX - ModuleInit at XXXXXXXXXXXXXXXX and ModuleTerm at XXXXXXXXXXXXXXXX using the native ring-0 loader
00:00:02.356017 SUP: VMMR0EntryEx located at XXXXXXXXXXXXXXXX and VMMR0EntryFast at XXXXXXXXXXXXXXXX
00:00:02.356019 SUP: windbg> .reload /f C:\Program Files\Oracle\VirtualBox/VMMR0.r0=0xXXXXXXXXXXXXXXXX
00:00:02.358813 Guest architecture: x86
00:00:02.358836 Guest OS type: 'Other_64'
00:00:02.359161 fHMForced=true - No raw-mode support in this build!
00:00:02.359168 Using execution engine 1
00:00:02.360511 File system of 'C:\Users\19423\Desktop\Programs\Kil0yOS\build\kil0yos.iso' (DVD) is ntfs
00:00:02.361012 File system of 'C:\Users\19423\Desktop\Programs\Kil0yOS\userdisk.vdi' is ntfs
00:00:02.371217 Shared Clipboard: Initialized OLE
00:00:02.371248 Shared Clipboard: Service loaded
00:00:02.371252 Shared Clipboard: Mode: Off
00:00:02.371282 Shared Clipboard: Service running in normal mode
00:00:02.377533 Drag and drop service loaded
00:00:02.377540 Drag and drop mode: Off
00:00:02.377942 Audio: Detected default audio driver type is 'HostAudioWas'
00:00:02.380039 ************************* CFGM dump *************************
00:00:02.380046 [/] (level 0)
00:00:02.380049   CpuExecutionCap   <integer> = 0x0000000000000064 (100)
00:00:02.380050   EnablePAE         <integer> = 0x0000000000000001 (1)
00:00:02.380050   HMEnabled         <integer> = 0x0000000000000001 (1)
00:00:02.380051   MemBalloonSize    <integer> = 0x0000000000000000 (0, 0 B)
00:00:02.380054   Name              <string>  = "TD" (cb=3)
00:00:02.380055   NumCPUs           <integer> = 0x0000000000000001 (1)
00:00:02.380056   PageFusionAllowed <integer> = 0x0000000000000000 (0)
00:00:02.380056   RamHoleSize       <integer> = 0x0000000020000000 (536 870 912, 512.0 MiB)
00:00:02.380057   RamSize           <integer> = 0x0000000004000000 (67 108 864, 64.0 MiB)
00:00:02.380058   TimerMillies      <integer> = 0x000000000000000a (10)
00:00:02.380058   UUID              <bytes>   = "a4 64 c9 1c b8 42 61 40 b3 ab 2a 07 21 68 da 30" (cb=16)
00:00:02.380060 
00:00:02.380060 [/CPUM/] (level 1)
00:00:02.380061   Enable64bit        <integer> = 0x0000000000000001 (1)
00:00:02.380062   GuestCpuName       <string>  = "host" (cb=5)
00:00:02.380062   NestedHWVirt       <integer> = 0x0000000000000000 (0)
00:00:02.380062   PortableCpuIdLevel <integer> = 0x0000000000000000 (0)
00:00:02.380062   SpecCtrl           <integer> = 0x0000000000000000 (0)
00:00:02.380063 
00:00:02.380063 [/CPUM/IsaExts/] (level 2)
00:00:02.380063 
00:00:02.380063 [/DBGC/] (level 1)
00:00:02.380064   GlobalInitScript <string>  = "C:\Users\19423\.VirtualBox/dbgc-init" (cb=37)
00:00:02.380064   HistoryFile      <string>  = "C:\Users\19423\.VirtualBox/dbgc-history" (cb=40)
00:00:02.380064   LocalInitScript  <string>  = "C:\Users\19423\VirtualBox VMs\TD/dbgc-init" (cb=43)
00:00:02.380064 
00:00:02.380064 [/DBGF/] (level 1)
00:00:02.380065   Path <string>  = "C:\Users\19423\VirtualBox VMs\TD/debug/;C:\Users\19423\VirtualBox VMs\TD/;cache*C:\Users\19423\VirtualBox VMs\TD/dbgcache/;C:\Users\19423\" (cb=139)
00:00:02.380065 
00:00:02.380065 [/Devices/] (level 1)
00:00:02.380065 
00:00:02.380065 [/Devices/3c501/] (level 2)
00:00:02.380066 
00:00:02.380066 [/Devices/8237A/] (level 2)
00:00:02.380066 
00:00:02.380066 [/Devices/8237A/0/] (level 3)
00:00:02.380067   Trusted <integer> = 0x0000000000000001 (1)
00:00:02.380067 
00:00:02.380067 [/Devices/VMMDev/] (level 2)
00:00:02.380067 
00:00:02.380068 [/Devices/VMMDev/0/] (level 3)
00:00:02.380069   PCIBusNo      <integer> = 0x0000000000000000 (0)
00:00:02.380069   PCIDeviceNo   <integer> = 0x0000000000000004 (4)
00:00:02.380069   PCIFunctionNo <integer> = 0x0000000000000000 (0)
00:00:02.380069   Trusted       <integer> = 0x0000000000000001 (1)
00:00:02.380069 
00:00:02.380070 [/Devices/VMMDev/0/Config/] (level 4)
00:00:02.380070   GuestCoreDumpDir <string>  = "C:\Users\19423\VirtualBox VMs\TD\Snapshots" (cb=43)
00:00:02.380070 
00:00:02.380070 [/Devices/VMMDev/0/LUN#0/] (level 4)
00:00:02.380071   Driver <string>  = "HGCM" (cb=5)
00:00:02.380071 
00:00:02.380071 [/Devices/VMMDev/0/LUN#0/Config/] (level 5)
00:00:02.380071 
00:00:02.380072 [/Devices/VMMDev/0/LUN#999/] (level 4)
00:00:02.380072   Driver <string>  = "MainStatus" (cb=11)
00:00:02.380072 
00:00:02.380072 [/Devices/VMMDev/0/LUN#999/Config/] (level 5)
00:00:02.380073   First                <integer> = 0x0000000000000000 (0)
00:00:02.380073   HasMediumAttachments <integer> = 0x0000000000000000 (0)
00:00:02.380073   Last                 <integer> = 0x0000000000000000 (0)
00:00:02.380074   iLedSet              <integer> = 0x0000000000000005 (5)
00:00:02.380074 
00:00:02.380074 [/Devices/acpi/] (level 2)
00:00:02.380074 
00:00:02.380074 [/Devices/acpi/0/] (level 3)
00:00:02.380075   PCIBusNo      <integer> = 0x0000000000000000 (0)
00:00:02.380075   PCIDeviceNo   <integer> = 0x0000000000000007 (7)
00:00:02.380075   PCIFunctionNo <integer> = 0x0000000000000000 (0)
00:00:02.380076   Trusted       <integer> = 0x0000000000000001 (1)
00:00:02.380076 
00:00:02.380076 [/Devices/acpi/0/Config/] (level 4)
00:00:02.380076   CpuHotPlug          <integer> = 0x0000000000000000 (0)
00:00:02.380077   FdcEnabled          <integer> = 0x0000000000000000 (0)
00:00:02.380077   HostBusPciAddress   <integer> = 0x0000000000000000 (0)
00:00:02.380077   HpetEnabled         <integer> = 0x0000000000000000 (0)
00:00:02.380077   IOAPIC              <integer> = 0x0000000000000001 (1)
00:00:02.380078   IocPciAddress       <integer> = 0x0000000000010000 (65 536)
00:00:02.380078   NumCPUs             <integer> = 0x0000000000000001 (1)
00:00:02.380078   Parallel0IoPortBase <integer> = 0x0000000000000000 (0)
00:00:02.380078   Parallel0Irq        <integer> = 0x0000000000000000 (0)
00:00:02.380079   Parallel1IoPortBase <integer> = 0x0000000000000000 (0)
00:00:02.380079   Parallel1Irq        <integer> = 0x0000000000000000 (0)
00:00:02.380079   Serial0IoPortBase   <integer> = 0x0000000000000000 (0)
00:00:02.380079   Serial0Irq          <integer> = 0x0000000000000000 (0)
00:00:02.380080   Serial1IoPortBase   <integer> = 0x0000000000000000 (0)
00:00:02.380080   Serial1Irq          <integer> = 0x0000000000000000 (0)
00:00:02.380080   ShowCpu             <integer> = 0x0000000000000001 (1)
00:00:02.380080   ShowRtc             <integer> = 0x0000000000000000 (0)
00:00:02.380080   SmcEnabled          <integer> = 0x0000000000000000 (0)
00:00:02.380081 
00:00:02.380081 [/Devices/acpi/0/LUN#0/] (level 4)
00:00:02.380081   Driver <string>  = "ACPIHost" (cb=9)
00:00:02.380081 
00:00:02.380081 [/Devices/acpi/0/LUN#0/Config/] (level 5)
00:00:02.380082 
00:00:02.380082 [/Devices/apic/] (level 2)
00:00:02.380082 
00:00:02.380082 [/Devices/apic/0/] (level 3)
00:00:02.380083   Trusted <integer> = 0x0000000000000001 (1)
00:00:02.380083 
00:00:02.380083 [/Devices/apic/0/Config/] (level 4)
00:00:02.380084   IOAPIC  <integer> = 0x0000000000000001 (1)
00:00:02.380084   Mode    <integer> = 0x0000000000000002 (2)
00:00:02.380084   NumCPUs <integer> = 0x0000000000000001 (1)
00:00:02.380084 
00:00:02.380084 [/Devices/dp8390/] (level 2)
00:00:02.380085 
00:00:02.380085 [/Devices/e1000/] (level 2)
00:00:02.380085 
00:00:02.380085 [/Devices/i8254/] (level 2)
00:00:02.380085 
00:00:02.380086 [/Devices/i8254/0/] (level 3)
00:00:02.380086 
00:00:02.380086 [/Devices/i8254/0/Config/] (level 4)
00:00:02.380086 
00:00:02.380086 [/Devices/i8259/] (level 2)
00:00:02.380087 
00:00:02.380087 [/Devices/i8259/0/] (level 3)
00:00:02.380087   Trusted <integer> = 0x0000000000000001 (1)
00:00:02.380087 
00:00:02.380087 [/Devices/i8259/0/Config/] (level 4)
00:00:02.380088 
00:00:02.380088 [/Devices/ichac97/] (level 2)
00:00:02.380088 
00:00:02.380088 [/Devices/ichac97/0/] (level 3)
00:00:02.380088   PCIBusNo      <integer> = 0x0000000000000000 (0)
00:00:02.380088   PCIDeviceNo   <integer> = 0x0000000000000005 (5)
00:00:02.380089   PCIFunctionNo <integer> = 0x0000000000000000 (0)
00:00:02.380089   Trusted       <integer> = 0x0000000000000001 (1)
00:00:02.380089 
00:00:02.380089 [/Devices/ichac97/0/AudioConfig/] (level 4)
00:00:02.380089 
00:00:02.380090 [/Devices/ichac97/0/Config/] (level 4)
00:00:02.380090   Codec        <string>  = "STAC9700" (cb=9)
00:00:02.380090   DebugEnabled <integer> = 0x0000000000000000 (0)
00:00:02.380090 
00:00:02.380090 [/Devices/ichac97/0/LUN#0/] (level 4)
00:00:02.380091   Driver <string>  = "AUDIO" (cb=6)
00:00:02.380091 
00:00:02.380091 [/Devices/ichac97/0/LUN#0/AttachedDriver/] (level 5)
00:00:02.380091   Driver <string>  = "HostAudioWas" (cb=13)
00:00:02.380091 
00:00:02.380092 [/Devices/ichac97/0/LUN#0/AttachedDriver/Config/] (level 6)
00:00:02.380092   VmName <string>  = "TD" (cb=3)
00:00:02.380092   VmUuid <string>  = "1cc964a4-42b8-4061-b3ab-2a072168da30" (cb=37)
00:00:02.380092 
00:00:02.380093 [/Devices/ichac97/0/LUN#0/Config/] (level 5)
00:00:02.380093   DriverName    <string>  = "HostAudioWas" (cb=13)
00:00:02.380093   InputEnabled  <integer> = 0x0000000000000000 (0)
00:00:02.380093   OutputEnabled <integer> = 0x0000000000000001 (1)
00:00:02.380094 
00:00:02.380094 [/Devices/ichac97/0/LUN#1/] (level 4)
00:00:02.380094   Driver <string>  = "AUDIO" (cb=6)
00:00:02.380094 
00:00:02.380094 [/Devices/ichac97/0/LUN#2/] (level 4)
00:00:02.380094   Driver <string>  = "AUDIO" (cb=6)
00:00:02.380095 
00:00:02.380095 [/Devices/ioapic/] (level 2)
00:00:02.380095 
00:00:02.380095 [/Devices/ioapic/0/] (level 3)
00:00:02.380095   Trusted <integer> = 0x0000000000000001 (1)
00:00:02.380095 
00:00:02.380096 [/Devices/ioapic/0/Config/] (level 4)
00:00:02.380096   NumCPUs <integer> = 0x0000000000000001 (1)
00:00:02.380096 
00:00:02.380096 [/Devices/mc146818/] (level 2)
00:00:02.380097 
00:00:02.380097 [/Devices/mc146818/0/] (level 3)
00:00:02.380097 
00:00:02.380097 [/Devices/mc146818/0/Config/] (level 4)
00:00:02.380098   UseUTC <integer> = 0x0000000000000000 (0)
00:00:02.380098 
00:00:02.380098 [/Devices/parallel/] (level 2)
00:00:02.380099 
00:00:02.380099 [/Devices/pcarch/] (level 2)
00:00:02.380100 
00:00:02.380100 [/Devices/pcarch/0/] (level 3)
00:00:02.380100   Trusted <integer> = 0x0000000000000001 (1)
00:00:02.380100 
00:00:02.380100 [/Devices/pcarch/0/Config/] (level 4)
00:00:02.380101 
00:00:02.380101 [/Devices/pcbios/] (level 2)
00:00:02.380102 
00:00:02.380102 [/Devices/pcbios/0/] (level 3)
00:00:02.380102   Trusted <integer> = 0x0000000000000001 (1)
00:00:02.380102 
00:00:02.380102 [/Devices/pcbios/0/Config/] (level 4)
00:00:02.380104   APIC            <integer> = 0x0000000000000001 (1)
00:00:02.380104   BootDevice0     <string>  = "FLOPPY" (cb=7)
00:00:02.380105   BootDevice1     <string>  = "DVD" (cb=4)
00:00:02.380105   BootDevice2     <string>  = "IDE" (cb=4)
00:00:02.380105   BootDevice3     <string>  = "NONE" (cb=5)
00:00:02.380105   DmiSystemSerial <string>  = "VirtualBox-<DmiSystemUuid>" (cb=27)
00:00:02.380106   FloppyDevice    <string>  = "i82078" (cb=7)
00:00:02.380106   HardDiskDevice  <string>  = "piix3ide" (cb=9)
00:00:02.380106   IOAPIC          <integer> = 0x0000000000000001 (1)
00:00:02.380106   McfgBase        <integer> = 0x0000000000000000 (0)
00:00:02.380107   McfgLength      <integer> = 0x0000000000000000 (0)
00:00:02.380107   NumCPUs         <integer> = 0x0000000000000001 (1)
00:00:02.380107   PXEDebug        <integer> = 0x0000000000000000 (0)
00:00:02.380107   UUID            <bytes>   = "a4 64 c9 1c b8 42 61 40 b3 ab 2a 07 21 68 da 30" (cb=16)
00:00:02.380108   UuidLe          <integer> = 0x0000000000000001 (1)
00:00:02.380108 
00:00:02.380108 [/Devices/pcbios/0/Config/NetBoot/] (level 5)
00:00:02.380109 
00:00:02.380109 [/Devices/pcbios/0/Config/NetBoot/0/] (level 6)
00:00:02.380110   NIC           <integer> = 0x0000000000000000 (0)
00:00:02.380110   PCIBusNo      <integer> = 0x0000000000000000 (0)
00:00:02.380110   PCIDeviceNo   <integer> = 0x0000000000000003 (3)
00:00:02.380111   PCIFunctionNo <integer> = 0x0000000000000000 (0)
00:00:02.380111 
00:00:02.380111 [/Devices/pci/] (level 2)
00:00:02.380112 
00:00:02.380112 [/Devices/pci/0/] (level 3)
00:00:02.380112   Trusted <integer> = 0x0000000000000001 (1)
00:00:02.380113 
00:00:02.380113 [/Devices/pci/0/Config/] (level 4)
00:00:02.380113   IOAPIC <integer> = 0x0000000000000001 (1)
00:00:02.380114 
00:00:02.380114 [/Devices/pcibridge/] (level 2)
00:00:02.380114 
00:00:02.380114 [/Devices/pckbd/] (level 2)
00:00:02.380115 
00:00:02.380115 [/Devices/pckbd/0/] (level 3)
00:00:02.380115   Trusted <integer> = 0x0000000000000001 (1)
00:00:02.380115 
00:00:02.380115 [/Devices/pckbd/0/Config/] (level 4)
00:00:02.380116 
00:00:02.380116 [/Devices/pckbd/0/LUN#0/] (level 4)
00:00:02.380117   Driver <string>  = "KeyboardQueue" (cb=14)
00:00:02.380117 
00:00:02.380117 [/Devices/pckbd/0/LUN#0/AttachedDriver/] (level 5)
00:00:02.380117   Driver <string>  = "MainKeyboard" (cb=13)
00:00:02.380118 
00:00:02.380118 [/Devices/pckbd/0/LUN#0/Config/] (level 5)
00:00:02.380118   QueueSize <integer> = 0x0000000000000040 (64, 64 B)
00:00:02.380118 
00:00:02.380119 [/Devices/pckbd/0/LUN#1/] (level 4)
00:00:02.380119   Driver <string>  = "MouseQueue" (cb=11)
00:00:02.380119 
00:00:02.380119 [/Devices/pckbd/0/LUN#1/AttachedDriver/] (level 5)
00:00:02.380120   Driver <string>  = "MainMouse" (cb=10)
00:00:02.380120 
00:00:02.380120 [/Devices/pckbd/0/LUN#1/Config/] (level 5)
00:00:02.380120   QueueSize <integer> = 0x0000000000000080 (128, 128 B)
00:00:02.380121 
00:00:02.380121 [/Devices/pcnet/] (level 2)
00:00:02.380121 
00:00:02.380121 [/Devices/pcnet/0/] (level 3)
00:00:02.380123   PCIBusNo      <integer> = 0x0000000000000000 (0)
00:00:02.380123   PCIDeviceNo   <integer> = 0x0000000000000003 (3)
00:00:02.380123   PCIFunctionNo <integer> = 0x0000000000000000 (0)
00:00:02.380123   Trusted       <integer> = 0x0000000000000001 (1)
00:00:02.380124 
00:00:02.380124 [/Devices/pcnet/0/Config/] (level 4)
00:00:02.380125   CableConnected <integer> = 0x0000000000000001 (1)
00:00:02.380126   ChipType       <string>  = "Am79C973" (cb=9)
00:00:02.380126   LineSpeed      <integer> = 0x0000000000000000 (0)
00:00:02.380126   MAC            <bytes>   = "08 00 27 9c c2 cb" (cb=6)
00:00:02.380127 
00:00:02.380127 [/Devices/pcnet/0/LUN#0/] (level 4)
00:00:02.380128   Driver <string>  = "NAT" (cb=4)
00:00:02.380128 
00:00:02.380128 [/Devices/pcnet/0/LUN#0/Config/] (level 5)
00:00:02.380129   AliasMode          <integer> = 0x0000000000000000 (0)
00:00:02.380129   DNSProxy           <integer> = 0x0000000000000000 (0)
00:00:02.380130   EnableTFTP         <integer> = 0x0000000000000000 (0)
00:00:02.380130   ForwardBroadcast   <integer> = 0x0000000000000000 (0)
00:00:02.380130   LocalhostReachable <integer> = 0x0000000000000000 (0)
00:00:02.380130   Network            <string>  = "10.0.2.0/24" (cb=12)
00:00:02.380131   PassDomain         <integer> = 0x0000000000000001 (1)
00:00:02.380131   UseHostResolver    <integer> = 0x0000000000000000 (0)
00:00:02.380131 
00:00:02.380131 [/Devices/pcnet/0/LUN#999/] (level 4)
00:00:02.380132   Driver <string>  = "MainStatus" (cb=11)
00:00:02.380132 
00:00:02.380132 [/Devices/pcnet/0/LUN#999/Config/] (level 5)
00:00:02.380132   First                <integer> = 0x0000000000000000 (0)
00:00:02.380133   HasMediumAttachments <integer> = 0x0000000000000000 (0)
00:00:02.380133   Last                 <integer> = 0x0000000000000000 (0)
00:00:02.380133   iLedSet              <integer> = 0x0000000000000004 (4)
00:00:02.380133 
00:00:02.380134 [/Devices/piix3ide/] (level 2)
00:00:02.380134 
00:00:02.380134 [/Devices/piix3ide/0/] (level 3)
00:00:02.380135   PCIBusNo      <integer> = 0x0000000000000000 (0)
00:00:02.380135   PCIDeviceNo   <integer> = 0x0000000000000001 (1)
00:00:02.380135   PCIFunctionNo <integer> = 0x0000000000000001 (1)
00:00:02.380136   Trusted       <integer> = 0x0000000000000001 (1)
00:00:02.380136 
00:00:02.380136 [/Devices/piix3ide/0/Config/] (level 4)
00:00:02.380136   Type <string>  = "PIIX4" (cb=6)
00:00:02.380136 
00:00:02.380137 [/Devices/piix3ide/0/LUN#0/] (level 4)
00:00:02.380137   Driver <string>  = "VD" (cb=3)
00:00:02.380137 
00:00:02.380137 [/Devices/piix3ide/0/LUN#0/Config/] (level 5)
00:00:02.380138   Format    <string>  = "VDI" (cb=4)
00:00:02.380138   Mountable <integer> = 0x0000000000000000 (0)
00:00:02.380138   Path      <string>  = "C:\Users\19423\Desktop\Programs\Kil0yOS\userdisk.vdi" (cb=53)
00:00:02.380139   Type      <string>  = "HardDisk" (cb=9)
00:00:02.380139 
00:00:02.380139 [/Devices/piix3ide/0/LUN#0/Config/VDConfig/] (level 6)
00:00:02.380140   AllocationBlockSize <string>  = "1048576" (cb=8)
00:00:02.380141 
00:00:02.380141 [/Devices/piix3ide/0/LUN#2/] (level 4)
00:00:02.380141   Driver <string>  = "VD" (cb=3)
00:00:02.380142 
00:00:02.380142 [/Devices/piix3ide/0/LUN#2/Config/] (level 5)
00:00:02.380142   Format    <string>  = "RAW" (cb=4)
00:00:02.380142   Mountable <integer> = 0x0000000000000001 (1)
00:00:02.380143   Path      <string>  = "C:\Users\19423\Desktop\Programs\Kil0yOS\build\kil0yos.iso" (cb=58)
00:00:02.380143   ReadOnly  <integer> = 0x0000000000000001 (1)
00:00:02.380143   Type      <string>  = "DVD" (cb=4)
00:00:02.380144 
00:00:02.380144 [/Devices/piix3ide/0/LUN#999/] (level 4)
00:00:02.380144   Driver <string>  = "MainStatus" (cb=11)
00:00:02.380145 
00:00:02.380145 [/Devices/piix3ide/0/LUN#999/Config/] (level 5)
00:00:02.380145   DeviceInstance       <string>  = "piix3ide/0" (cb=11)
00:00:02.380146   First                <integer> = 0x0000000000000000 (0)
00:00:02.380146   HasMediumAttachments <integer> = 0x0000000000000001 (1)
00:00:02.380146   Last                 <integer> = 0x0000000000000003 (3)
00:00:02.380146   iLedSet              <integer> = 0x0000000000000003 (3)
00:00:02.380147 
00:00:02.380147 [/Devices/serial/] (level 2)
00:00:02.380147 
00:00:02.380147 [/Devices/usb-ehci/] (level 2)
00:00:02.380147 
00:00:02.380148 [/Devices/usb-ehci/0/] (level 3)
00:00:02.380149   PCIBusNo      <integer> = 0x0000000000000000 (0)
00:00:02.380149   PCIDeviceNo   <integer> = 0x000000000000000b (11)
00:00:02.380150   PCIFunctionNo <integer> = 0x0000000000000000 (0)
00:00:02.380150   Trusted       <integer> = 0x0000000000000001 (1)
00:00:02.380150 
00:00:02.380150 [/Devices/usb-ehci/0/Config/] (level 4)
00:00:02.380150 
00:00:02.380151 [/Devices/usb-ehci/0/LUN#0/] (level 4)
00:00:02.380151   Driver <string>  = "VUSBRootHub" (cb=12)
00:00:02.380151 
00:00:02.380151 [/Devices/usb-ehci/0/LUN#0/Config/] (level 5)
00:00:02.380152 
00:00:02.380152 [/Devices/usb-ehci/0/LUN#999/] (level 4)
00:00:02.380153   Driver <string>  = "MainStatus" (cb=11)
00:00:02.380153 
00:00:02.380153 [/Devices/usb-ehci/0/LUN#999/Config/] (level 5)
00:00:02.380154   First                <integer> = 0x0000000000000000 (0)
00:00:02.380154   HasMediumAttachments <integer> = 0x0000000000000000 (0)
00:00:02.380155   Last                 <integer> = 0x0000000000000000 (0)
00:00:02.380155   iLedSet              <integer> = 0x0000000000000002 (2)
00:00:02.380155 
00:00:02.380155 [/Devices/usb-ohci/] (level 2)
00:00:02.380156 
00:00:02.380156 [/Devices/usb-ohci/0/] (level 3)
00:00:02.380157   PCIBusNo      <integer> = 0x0000000000000000 (0)
00:00:02.380157   PCIDeviceNo   <integer> = 0x0000000000000006 (6)
00:00:02.380157   PCIFunctionNo <integer> = 0x0000000000000000 (0)
00:00:02.380157   Trusted       <integer> = 0x0000000000000001 (1)
00:00:02.380157 
00:00:02.380158 [/Devices/usb-ohci/0/Config/] (level 4)
00:00:02.380158 
00:00:02.380158 [/Devices/usb-ohci/0/LUN#0/] (level 4)
00:00:02.380159   Driver <string>  = "VUSBRootHub" (cb=12)
00:00:02.380159 
00:00:02.380159 [/Devices/usb-ohci/0/LUN#0/Config/] (level 5)
00:00:02.380159 
00:00:02.380159 [/Devices/usb-ohci/0/LUN#999/] (level 4)
00:00:02.380160   Driver <string>  = "MainStatus" (cb=11)
00:00:02.380160 
00:00:02.380160 [/Devices/usb-ohci/0/LUN#999/Config/] (level 5)
00:00:02.380161   First                <integer> = 0x0000000000000000 (0)
00:00:02.380161   HasMediumAttachments <integer> = 0x0000000000000000 (0)
00:00:02.380161   Last                 <integer> = 0x0000000000000000 (0)
00:00:02.380161   iLedSet              <integer> = 0x0000000000000001 (1)
00:00:02.380162 
00:00:02.380162 [/Devices/vga/] (level 2)
00:00:02.380162 
00:00:02.380162 [/Devices/vga/0/] (level 3)
00:00:02.380162   PCIBusNo      <integer> = 0x0000000000000000 (0)
00:00:02.380163   PCIDeviceNo   <integer> = 0x0000000000000002 (2)
00:00:02.380163   PCIFunctionNo <integer> = 0x0000000000000000 (0)
00:00:02.380163   Trusted       <integer> = 0x0000000000000001 (1)
00:00:02.380163 
00:00:02.380163 [/Devices/vga/0/Config/] (level 4)
00:00:02.380164   3DEnabled        <integer> = 0x0000000000000000 (0)
00:00:02.380164   CustomVideoModes <integer> = 0x0000000000000000 (0)
00:00:02.380165   FadeIn           <integer> = 0x0000000000000001 (1)
00:00:02.380165   FadeOut          <integer> = 0x0000000000000001 (1)
00:00:02.380165   HeightReduction  <integer> = 0x0000000000000000 (0)
00:00:02.380165   LogoFile         <string>  = "" (cb=1)
00:00:02.380166   LogoTime         <integer> = 0x0000000000000000 (0)
00:00:02.380166   MonitorCount     <integer> = 0x0000000000000001 (1)
00:00:02.380166   ShowBootMenu     <integer> = 0x0000000000000002 (2)
00:00:02.380166   VRamSize         <integer> = 0x0000000000800000 (8 388 608, 8.0 MiB)
00:00:02.380167 
00:00:02.380167 [/Devices/vga/0/LUN#0/] (level 4)
00:00:02.380167   Driver <string>  = "MainDisplay" (cb=12)
00:00:02.380167 
00:00:02.380167 [/Devices/vga/0/LUN#0/Config/] (level 5)
00:00:02.380168 
00:00:02.380168 [/Devices/vga/0/LUN#999/] (level 4)
00:00:02.380168   Driver <string>  = "MainStatus" (cb=11)
00:00:02.380169 
00:00:02.380169 [/Devices/vga/0/LUN#999/Config/] (level 5)
00:00:02.380169   First                <integer> = 0x0000000000000000 (0)
00:00:02.380169   HasMediumAttachments <integer> = 0x0000000000000000 (0)
00:00:02.380169   Last                 <integer> = 0x0000000000000000 (0)
00:00:02.380170   iLedSet              <integer> = 0x0000000000000000 (0)
00:00:02.380170 
00:00:02.380170 [/Devices/virtio-net/] (level 2)
00:00:02.380170 
00:00:02.380170 [/EM/] (level 1)
00:00:02.380171   TripleFaultReset <integer> = 0x0000000000000000 (0)
00:00:02.380171 
00:00:02.380171 [/GCM/] (level 1)
00:00:02.380171 
00:00:02.380171 [/GIM/] (level 1)
00:00:02.380172   Provider <string>  = "None" (cb=5)
00:00:02.380172 
00:00:02.380172 [/HM/] (level 1)
00:00:02.380174   64bitEnabled        <integer> = 0x0000000000000001 (1)
00:00:02.380174   EnableLargePages    <integer> = 0x0000000000000001 (1)
00:00:02.380174   EnableNestedPaging  <integer> = 0x0000000000000001 (1)
00:00:02.380174   EnableUX            <integer> = 0x0000000000000001 (1)
00:00:02.380175   EnableVPID          <integer> = 0x0000000000000001 (1)
00:00:02.380175   Exclusive           <integer> = 0x0000000000000000 (0)
00:00:02.380175   HMForced            <integer> = 0x0000000000000001 (1)
00:00:02.380175   IBPBOnVMEntry       <integer> = 0x0000000000000000 (0)
00:00:02.380176   IBPBOnVMExit        <integer> = 0x0000000000000000 (0)
00:00:02.380176   L1DFlushOnSched     <integer> = 0x0000000000000001 (1)
00:00:02.380176   L1DFlushOnVMEntry   <integer> = 0x0000000000000000 (0)
00:00:02.380176   MDSClearOnSched     <integer> = 0x0000000000000001 (1)
00:00:02.380177   MDSClearOnVMEntry   <integer> = 0x0000000000000000 (0)
00:00:02.380177   SpecCtrlByHost      <integer> = 0x0000000000000000 (0)
00:00:02.380177   SvmVirtVmsaveVmload <integer> = 0x0000000000000000 (0)
00:00:02.380177   UseNEMInstead       <integer> = 0x0000000000000000 (0)
00:00:02.380178 
00:00:02.380178 [/MM/] (level 1)
00:00:02.380178   CanUseLargerHeap <integer> = 0x0000000000000000 (0)
00:00:02.380178 
00:00:02.380178 [/NEM/] (level 1)
00:00:02.380179   Allow64BitGuests  <integer> = 0x0000000000000001 (1)
00:00:02.380179   IBPBOnVMEntry     <integer> = 0x0000000000000000 (0)
00:00:02.380179   IBPBOnVMExit      <integer> = 0x0000000000000000 (0)
00:00:02.380180   L1DFlushOnSched   <integer> = 0x0000000000000001 (1)
00:00:02.380180   L1DFlushOnVMEntry <integer> = 0x0000000000000000 (0)
00:00:02.380180   MDSClearOnSched   <integer> = 0x0000000000000001 (1)
00:00:02.380180   MDSClearOnVMEntry <integer> = 0x0000000000000000 (0)
00:00:02.380181 
00:00:02.380181 [/PDM/] (level 1)
00:00:02.380181 
00:00:02.380181 [/PDM/AsyncCompletion/] (level 2)
00:00:02.380182 
00:00:02.380182 [/PDM/AsyncCompletion/File/] (level 3)
00:00:02.380182 
00:00:02.380182 [/PDM/AsyncCompletion/File/BwGroups/] (level 4)
00:00:02.380183 
00:00:02.380183 [/PDM/BlkCache/] (level 2)
00:00:02.380183   CacheSize <integer> = 0x0000000000500000 (5 242 880, 5.0 MiB)
00:00:02.380184 
00:00:02.380184 [/PDM/Devices/] (level 2)
00:00:02.380184 
00:00:02.380184 [/PDM/Drivers/] (level 2)
00:00:02.380185 
00:00:02.380185 [/PDM/Drivers/VBoxC/] (level 3)
00:00:02.380186   Path <string>  = "VBoxC" (cb=6)
00:00:02.380186 
00:00:02.380186 [/PDM/NetworkShaper/] (level 2)
00:00:02.380186 
00:00:02.380186 [/PDM/NetworkShaper/BwGroups/] (level 3)
00:00:02.380187 
00:00:02.380187 [/TM/] (level 1)
00:00:02.380187   UTCOffset <integer> = 0x0000000000000000 (0)
00:00:02.380187 
00:00:02.380188 [/USB/] (level 1)
00:00:02.380188 
00:00:02.380188 [/USB/USBProxy/] (level 2)
00:00:02.380188 
00:00:02.380188 [/USB/USBProxy/GlobalConfig/] (level 3)
00:00:02.380189 
00:00:02.380189 ********************* End of CFGM dump **********************
00:00:02.380252 HM: HMR3Init: Attempting fall back to NEM: AMD-V is not available
00:00:02.391353 NEM:  info: Found optional import WinHvPlatform.dll!WHvQueryGpaRangeDirtyBitmap.
00:00:02.391361 NEM:  info: Found optional import WinHvPlatform.dll!WHvResumePartitionTime.
00:00:02.391364 NEM:  info: Found optional import WinHvPlatform.dll!WHvSuspendPartitionTime.
00:00:02.391366 NEM:  info: Found optional import WinHvPlatform.dll!WHvRequestInterrupt.
00:00:02.391368 NEM:  info: Found optional import WinHvPlatform.dll!WHvGetVirtualProcessorXsaveState.
00:00:02.391370 NEM:  info: Found optional import WinHvPlatform.dll!WHvSetVirtualProcessorXsaveState.
00:00:02.391372 NEM:  info: Found optional import WinHvPlatform.dll!WHvGetVirtualProcessorState.
00:00:02.391374 NEM:  info: Found optional import WinHvPlatform.dll!WHvSetVirtualProcessorState.
00:00:02.391376 NEM:  info: Found optional import WinHvPlatform.dll!WHvGetVirtualProcessorInterruptControllerState.
00:00:02.391380 NEM:  info: Found optional import WinHvPlatform.dll!WHvSetVirtualProcessorInterruptControllerState.
00:00:02.391382 NEM:  info: Found optional import WinHvPlatform.dll!WHvGetVirtualProcessorInterruptControllerState2.
00:00:02.391384 NEM:  info: Found optional import WinHvPlatform.dll!WHvSetVirtualProcessorInterruptControllerState2.
00:00:02.391389 NEM:  info: Found optional import vid.dll!VidGetHvPartitionId.
00:00:02.391391 NEM:  info: Found optional import vid.dll!VidGetPartitionProperty.
00:00:02.391520 NEM: WHvCapabilityCodeHypervisorPresent is TRUE, so this might work...
00:00:02.391524 NEM: WHvCapabilityCodeExtendedVmExits      = 0x0000000000007fff
00:00:02.391528 NEM:                           X64CpuidExit: 1
00:00:02.391530 NEM:                             X64MsrExit: 1
00:00:02.391532 NEM:                          ExceptionExit: 1
00:00:02.391534 NEM:                           X64RdtscExit: 1
00:00:02.391536 NEM:                     X64ApicSmiExitTrap: 1
00:00:02.391538 NEM:                          HypercallExit: 1
00:00:02.391540 NEM:                X64ApicInitSipiExitTrap: 1
00:00:02.391542 NEM:              X64ApicWriteLint0ExitTrap: 1
00:00:02.391544 NEM:              X64ApicWriteLint1ExitTrap: 1
00:00:02.391546 NEM:                X64ApicWriteSvrExitTrap: 1
00:00:02.391548 NEM:                 UnknownSynicConnection: 1
00:00:02.391550 NEM:              RetargetUnknownVpciDevice: 1
00:00:02.391552 NEM:                X64ApicWriteLdrExitTrap: 1
00:00:02.391554 NEM:                X64ApicWriteDfrExitTrap: 1
00:00:02.391556 NEM:                     GpaAccessFaultExit: 1
00:00:02.391558 NEM: WHvCapabilityCodeFeatures             = 0x00000000000002ff
00:00:02.391562 NEM:                           PartialUnmap: 1
00:00:02.391564 NEM:                     LocalApicEmulation: 1
00:00:02.391567 NEM:                                  Xsave: 1
00:00:02.391569 NEM:                      DirtyPageTracking: 1
00:00:02.391571 NEM:                     SpeculationControl: 1
00:00:02.391573 NEM:                         ApicRemoteRead: 1
00:00:02.391575 NEM:                            IdleSuspend: 1
00:00:02.391577 NEM:                VirtualPciDeviceSupport: 1
00:00:02.391579 NEM:                           IommuSupport: 0
00:00:02.391581 NEM:                         VpHotAddRemove: 1
00:00:02.391586 NEM: Supported xsave features: 0xffffdf
00:00:02.391588 NEM:                           XsaveSupport: 1
00:00:02.391590 NEM:                        XsaveoptSupport: 1
00:00:02.391592 NEM:                             AvxSupport: 1
00:00:02.391594 NEM:                            Avx2Support: 1
00:00:02.391596 NEM:                             FmaSupport: 1
00:00:02.391598 NEM:                             MpxSupport: 0
00:00:02.391600 NEM:                          Avx512Support: 1
00:00:02.391602 NEM:                        Avx512DQSupport: 1
00:00:02.391604 NEM:                        Avx512BWSupport: 1
00:00:02.391606 NEM:                        Avx512VLSupport: 1
00:00:02.391608 NEM:                       XsaveCompSupport: 1
00:00:02.391610 NEM:                 XsaveSupervisorSupport: 1
00:00:02.391612 NEM:                            Xcr1Support: 1
00:00:02.391614 NEM:                    Avx512BitalgSupport: 1
00:00:02.391616 NEM:                      Avx512IfmaSupport: 1
00:00:02.391618 NEM:                      Avx512VBmiSupport: 1
00:00:02.391620 NEM:                     Avx512VBmi2Support: 1
00:00:02.391621 NEM:                      Avx512VnniSupport: 1
00:00:02.391623 NEM:                            GfniSupport: 1
00:00:02.391625 NEM:                            VaesSupport: 1
00:00:02.391627 NEM:                 Avx512VPopcntdqSupport: 1
00:00:02.391629 NEM:                      VpclmulqdqSupport: 1
00:00:02.391631 NEM:                      Avx512Bf16Support: 1
00:00:02.391633 NEM:              Avx512Vp2IntersectSupport: 0
00:00:02.391635 NEM:                      Avx512Fp16Support: 0
00:00:02.391637 NEM:                             XfdSupport: 0
00:00:02.391642 NEM:                         AmxTileSupport: 0
00:00:02.391645 NEM:                         AmxBf16Support: 0
00:00:02.391647 NEM:                         AmxInt8Support: 0
00:00:02.391649 NEM:                         AvxVnniSupport: 0
00:00:02.391651 NEM: Supported exception exit bitmap: 0xf7dfb
00:00:02.391657 NEM: WHvCapabilityCodeProcessorVendor      = 0 - AMD
00:00:02.391667 NEM: WHvCapabilityCodeProcessorFeatures    = 0x06037fcb67f39fbf
00:00:02.391670 NEM:                            Sse3Support: 1
00:00:02.391672 NEM:                        LahfSahfSupport: 1
00:00:02.391674 NEM:                           Ssse3Support: 1
00:00:02.391676 NEM:                          Sse4_1Support: 1
00:00:02.391680 NEM:                          Sse4_2Support: 1
00:00:02.391682 NEM:                           Sse4aSupport: 1
00:00:02.391684 NEM:                             XopSupport: 0
00:00:02.391686 NEM:                          PopCntSupport: 1
00:00:02.391688 NEM:                      Cmpxchg16bSupport: 1
00:00:02.391690 NEM:                       Altmovcr8Support: 1
00:00:02.391692 NEM:                           LzcntSupport: 1
00:00:02.391694 NEM:                     MisAlignSseSupport: 1
00:00:02.391696 NEM:                          MmxExtSupport: 1
00:00:02.391698 NEM:                        Amd3DNowSupport: 0
00:00:02.391700 NEM:                ExtendedAmd3DNowSupport: 0
00:00:02.391702 NEM:                         Page1GbSupport: 1
00:00:02.391704 NEM:                             AesSupport: 1
00:00:02.391706 NEM:                       PclmulqdqSupport: 1
00:00:02.391708 NEM:                            PcidSupport: 0
00:00:02.391710 NEM:                            Fma4Support: 0
00:00:02.391712 NEM:                            F16CSupport: 1
00:00:02.391714 NEM:                          RdRandSupport: 1
00:00:02.391716 NEM:                        RdWrFsGsSupport: 1
00:00:02.391717 NEM:                            SmepSupport: 1
00:00:02.391719 NEM:              EnhancedFastStringSupport: 1
00:00:02.391721 NEM:                            Bmi1Support: 1
00:00:02.391723 NEM:                            Bmi2Support: 1
00:00:02.391725 NEM:                              Reserved1: 0
00:00:02.391727 NEM:                           MovbeSupport: 1
00:00:02.391729 NEM:                          Npiep1Support: 1
00:00:02.391731 NEM:                   DepX87FPUSaveSupport: 0
00:00:02.391733 NEM:                          RdSeedSupport: 1
00:00:02.391735 NEM:                             AdxSupport: 1
00:00:02.391737 NEM:                   IntelPrefetchSupport: 0
00:00:02.391739 NEM:                            SmapSupport: 1
00:00:02.391741 NEM:                             HleSupport: 0
00:00:02.391743 NEM:                             RtmSupport: 0
00:00:02.391745 NEM:                          RdtscpSupport: 1
00:00:02.391747 NEM:                      ClflushoptSupport: 1
00:00:02.391749 NEM:                            ClwbSupport: 1
00:00:02.391751 NEM:                             ShaSupport: 1
00:00:02.391753 NEM:                X87PointersSavedSupport: 1
00:00:02.391755 NEM:                         InvpcidSupport: 1
00:00:02.391757 NEM:                            IbrsSupport: 1
00:00:02.391759 NEM:                           StibpSupport: 1
00:00:02.391761 NEM:                            IbpbSupport: 1
00:00:02.391763 NEM:                              Reserved2: 0
00:00:02.391765 NEM:                            SsbdSupport: 1
00:00:02.391767 NEM:                 FastShortRepMovSupport: 1
00:00:02.391769 NEM:                              Reserved3: 0
00:00:02.391771 NEM:                                 RdclNo: 0
00:00:02.391773 NEM:                         IbrsAllSupport: 0
00:00:02.391775 NEM:                              Reserved4: 0
00:00:02.391777 NEM:                                  SsbNo: 0
00:00:02.391779 NEM:                                 RsbANo: 0
00:00:02.391781 NEM:                              Reserved5: 0
00:00:02.391782 NEM:                           RdPidSupport: 1
00:00:02.391786 NEM:                            UmipSupport: 1
00:00:02.391788 NEM:                           MdsNoSupport: 0
00:00:02.391790 NEM:                         MdClearSupport: 0
00:00:02.391792 NEM:                           TaaNoSupport: 0
00:00:02.391794 NEM:                         TsxCtrlSupport: 0
00:00:02.391796 NEM:                              Reserved6: 0
00:00:02.391800 NEM: WHvCapabilityCodeProcessorClFlushSize = 2^8
00:00:02.391802 NEM: Warning! Unknown capability 0x4 returning: 3f 00 00 00 00 00 00 00 00 00 00 00 00 00 00 00 00 00 00 00 00 00 00 00
00:00:02.391806 NEM: Warning! Unknown capability 0x5 returning: 03 00 00 00 00 00 00 00 00 00 00 00 00 00 00 00 00 00 00 00 00 00 00 00
00:00:02.391818 NEM: Warning! Unknown capability 0x6 returning: 00 00 00 00 00 00 00 00 00 00 00 00 00 00 00 00 00 00 00 00 00 00 00 00
00:00:02.391986 NEM: Warning! Unknown capability 0x1003 returning: df ff ff 00 00 00 00 00 00 00 00 00 00 00 00 00 00 00 00 00 00 00 00 00
00:00:02.391993 NEM: Warning! Unknown capability 0x1004 returning: 7d 8b c7 8e 00 00 00 00 00 00 00 00 00 00 00 00 00 00 00 00 00 00 00 00
00:00:02.391996 NEM: Warning! Unknown capability 0x1005 returning: 00 c2 eb 0b 00 00 00 00 00 00 00 00 00 00 00 00 00 00 00 00 00 00 00 00
00:00:02.391999 NEM: Warning! Unknown capability 0x1006 returning: 02 00 00 00 00 00 00 00 bf 9f f3 67 cb 7f 03 06 ef 01 00 e0 00 00 00 00
00:00:02.392001 NEM: Warning! Unknown capability 0x1007 returning: 00 00 00 00 00 00 00 00 00 00 00 00 00 00 00 00 00 00 00 00 00 00 00 00
00:00:02.392007 NEM: Warning! Unknown capability 0x1008 returning: 01 00 00 00 00 00 00 00 ff 8f 44 ff 6f 00 00 00 00 00 00 00 00 00 00 00
00:00:02.392011 NEM: Warning! Unknown capability 0x1009 returning: 03 00 00 00 00 00 00 00 00 00 00 00 00 00 00 00 00 00 00 00 00 00 00 00
00:00:02.392016 NEM: Warning! Unknown capability 0x100a returning: 30 00 00 00 00 00 00 00 00 00 00 00 00 00 00 00 00 00 00 00 00 00 00 00
00:00:02.392527 NEM: Created partition 0000018b93ddd6b0. APIC emulation mode: VirtualBox
00:00:02.392546 PGM: Enabling NEM mode
00:00:02.392597 NEM:
00:00:02.392597 NEM: NEMR3Init: Snail execution mode is active!
00:00:02.392597 NEM: Note! VirtualBox is not able to run at its full potential in this execution mode.
00:00:02.392597 NEM:       To see VirtualBox run at max speed you need to disable all Windows features
00:00:02.392597 NEM:       making use of Hyper-V.  That is a moving target, so google how and carefully
00:00:02.392597 NEM:       consider the consequences of disabling these features.
00:00:02.392598 NEM:
00:00:02.392613 CPUM: No hardware-virtualization capability detected
00:00:02.392615 CPUM: fXStateHostMask=0xe7; host XCR0=0xe7
00:00:02.394406 CPUM: Matched host CPU AMD 0x19/0x61/0x2 AMD_Unknown with CPU DB entry 'AMD Ryzen 7 1800X Eight-Core' (AMD 0x17/0x1/0x1 AMD_Zen_Ryzen)
00:00:02.397265 CPUM: MXCSR_MASK=0x2ffff (host: 0x2ffff)
00:00:02.397281 CPUM: Microcode revision 0x0A601209
00:00:02.397288 CPUM: Changing leaf 13[0]: EBX=0x980 -> 0x340, ECX=0x980 -> 0x340
00:00:02.397300 CPUM: MSR fudge: 0x00000017 IA32_PLATFORM_ID
00:00:02.397338 CPUM: MSR fudge: 0x000001a0 IA32_MISC_ENABLE
00:00:02.397349 CPUM: MSR fudge: 0x000002ff IA32_MTRR_DEF_TYPE
00:00:02.397359 CPUM: MSR fudge: 0x0000002c P4_EBC_FREQUENCY_ID
00:00:02.397419 CPUM: SetGuestCpuIdFeature: Enabled SYSENTER/EXIT
00:00:02.397421 CPUM: SetGuestCpuIdFeature: Enabled SYSCALL/RET
00:00:02.397424 CPUM: SetGuestCpuIdFeature: Enabled PAE
00:00:02.397426 CPUM: SetGuestCpuIdFeature: Enabled LAHF/SAHF
00:00:02.397428 CPUM: SetGuestCpuIdFeature: Enabled NX
00:00:02.397430 CPUM: SetGuestCpuIdFeature: Enabled LONG MODE
00:00:02.397432 CPUM: Set SSBD not required flag for AMD to work around some buggy Linux kernels!
00:00:02.397434 CPUM: Enabled MTRR read-write support
00:00:02.397437 CPUM: Enabled fixed-range MTRRs and 16 (virtualized) variable-range MTRRs
00:00:02.401946 ERROR [COM]: aRC=VBOX_E_IPRT_ERROR (0x80bb0005) aIID={6ac83d89-6ee7-4e33-8ae6-b257b2e81be8} aComponent={ConsoleWrap} aText={The VBoxGuestPropSvc service call failed with the error VERR_HGCM_SERVICE_NOT_FOUND}, preserve=false aResultDetail=-2900
00:00:02.405575 NEM: HvPartitionPropertyProcessorVendor=0x0 (0)
00:00:02.405757 NEM: cbXSaveArea=2472
00:00:02.405783 NEM: Default XSAVE area returned by Hyper-V
00:00:02.405784 0000001e4f0fd7b0/0000: 00 00 00 00 00 00 00 00-00 00 00 00 00 00 00 00 ................
00:00:02.405785 0000001e4f0fd7c0/0010: 00 00 00 00 00 00 00 00-80 1f 00 00 ff ff 02 00 ................
00:00:02.405786 0000001e4f0fd7d0/0020: 00 00 00 00 00 00 00 00-00 00 00 00 00 00 00 00 ................
00:00:02.405787 0000001e4f0fd7e0/0030: 00 00 00 00 00 00 00 00-00 00 00 00 00 00 00 00 ................
00:00:02.405788 0000001e4f0fd7f0/0040: 00 00 00 00 00 00 00 00-00 00 00 00 00 00 00 00 ................
00:00:02.405789 0000001e4f0fd800/0050: 00 00 00 00 00 00 00 00-00 00 00 00 00 00 00 00 ................
00:00:02.405789 0000001e4f0fd810/0060: 00 00 00 00 00 00 00 00-00 00 00 00 00 00 00 00 ................
00:00:02.405790 0000001e4f0fd820/0070: 00 00 00 00 00 00 00 00-00 00 00 00 00 00 00 00 ................
00:00:02.405791 0000001e4f0fd830/0080: 00 00 00 00 00 00 00 00-00 00 00 00 00 00 00 00 ................
00:00:02.405791 0000001e4f0fd840/0090: 00 00 00 00 00 00 00 00-00 00 00 00 00 00 00 00 ................
00:00:02.405792 0000001e4f0fd850/00a0: 00 00 00 00 00 00 00 00-00 00 00 00 00 00 00 00 ................
00:00:02.405793 0000001e4f0fd860/00b0: 00 00 00 00 00 00 00 00-00 00 00 00 00 00 00 00 ................
00:00:02.405793 0000001e4f0fd870/00c0: 00 00 00 00 00 00 00 00-00 00 00 00 00 00 00 00 ................
00:00:02.405794 0000001e4f0fd880/00d0: 00 00 00 00 00 00 00 00-00 00 00 00 00 00 00 00 ................
00:00:02.405795 0000001e4f0fd890/00e0: 00 00 00 00 00 00 00 00-00 00 00 00 00 00 00 00 ................
00:00:02.405795 0000001e4f0fd8a0/00f0: 00 00 00 00 00 00 00 00-00 00 00 00 00 00 00 00 ................
00:00:02.405796 0000001e4f0fd8b0/0100: 00 00 00 00 00 00 00 00-00 00 00 00 00 00 00 00 ................
00:00:02.405797 0000001e4f0fd8c0/0110: 00 00 00 00 00 00 00 00-00 00 00 00 00 00 00 00 ................
00:00:02.405797 0000001e4f0fd8d0/0120: 00 00 00 00 00 00 00 00-00 00 00 00 00 00 00 00 ................
00:00:02.405798 0000001e4f0fd8e0/0130: 00 00 00 00 00 00 00 00-00 00 00 00 00 00 00 00 ................
00:00:02.405799 0000001e4f0fd8f0/0140: 00 00 00 00 00 00 00 00-00 00 00 00 00 00 00 00 ................
00:00:02.405800 0000001e4f0fd900/0150: 00 00 00 00 00 00 00 00-00 00 00 00 00 00 00 00 ................
00:00:02.405800 0000001e4f0fd910/0160: 00 00 00 00 00 00 00 00-00 00 00 00 00 00 00 00 ................
00:00:02.405801 0000001e4f0fd920/0170: 00 00 00 00 00 00 00 00-00 00 00 00 00 00 00 00 ................
00:00:02.405802 0000001e4f0fd930/0180: 00 00 00 00 00 00 00 00-00 00 00 00 00 00 00 00 ................
00:00:02.405802 0000001e4f0fd940/0190: 00 00 00 00 00 00 00 00-00 00 00 00 00 00 00 00 ................
00:00:02.405803 0000001e4f0fd950/01a0: 00 00 00 00 00 00 00 00-00 00 00 00 00 00 00 00 ................
00:00:02.405804 0000001e4f0fd960/01b0: 00 00 00 00 00 00 00 00-00 00 00 00 00 00 00 00 ................
00:00:02.405804 0000001e4f0fd970/01c0: 00 00 00 00 00 00 00 00-00 00 00 00 00 00 00 00 ................
00:00:02.405805 0000001e4f0fd980/01d0: 00 00 00 00 00 00 00 00-00 00 00 00 00 00 00 00 ................
00:00:02.405806 0000001e4f0fd990/01e0: 00 00 00 00 00 00 00 00-00 00 00 00 00 00 00 00 ................
00:00:02.405806 0000001e4f0fd9a0/01f0: 00 00 00 00 00 00 00 00-00 00 00 00 00 00 00 00 ................
00:00:02.405807 0000001e4f0fd9b0/0200: 02 18 00 00 00 00 00 00-e7 18 00 00 00 00 00 80 ................
00:00:02.405808 0000001e4f0fd9c0/0210: 00 00 00 00 00 00 00 00-00 00 00 00 00 00 00 00 ................
00:00:02.405808 0000001e4f0fd9d0/0220: 00 00 00 00 00 00 00 00-00 00 00 00 00 00 00 00 ................
00:00:02.405809 0000001e4f0fd9e0/0230: 00 00 00 00 00 00 00 00-00 00 00 00 00 00 00 00 ................
00:00:02.405810 0000001e4f0fd9f0/0240: 00 00 00 00 00 00 00 00-00 00 00 00 00 00 00 00 ................
00:00:02.405810 0000001e4f0fda00/0250: 00 00 00 00 00 00 00 00-00 00 00 00 00 00 00 00 ................
00:00:02.405811 0000001e4f0fda10/0260: 00 00 00 00 00 00 00 00-00 00 00 00 00 00 00 00 ................
00:00:02.405812 0000001e4f0fda20/0270: 00 00 00 00 00 00 00 00-00 00 00 00 00 00 00 00 ................
00:00:02.405813 0000001e4f0fda30/0280: 00 00 00 00 00 00 00 00-00 00 00 00 00 00 00 00 ................
00:00:02.405813 0000001e4f0fda40/0290: 00 00 00 00 00 00 00 00-00 00 00 00 00 00 00 00 ................
00:00:02.405814 0000001e4f0fda50/02a0: 00 00 00 00 00 00 00 00-00 00 00 00 00 00 00 00 ................
00:00:02.405815 0000001e4f0fda60/02b0: 00 00 00 00 00 00 00 00-00 00 00 00 00 00 00 00 ................
00:00:02.405815 0000001e4f0fda70/02c0: 00 00 00 00 00 00 00 00-00 00 00 00 00 00 00 00 ................
00:00:02.405816 0000001e4f0fda80/02d0: 00 00 00 00 00 00 00 00-00 00 00 00 00 00 00 00 ................
00:00:02.405817 0000001e4f0fda90/02e0: 00 00 00 00 00 00 00 00-00 00 00 00 00 00 00 00 ................
00:00:02.405817 0000001e4f0fdaa0/02f0: 00 00 00 00 00 00 00 00-00 00 00 00 00 00 00 00 ................
00:00:02.405818 0000001e4f0fdab0/0300: 00 00 00 00 00 00 00 00-00 00 00 00 00 00 00 00 ................
00:00:02.405819 0000001e4f0fdac0/0310: 00 00 00 00 00 00 00 00-00 00 00 00 00 00 00 00 ................
00:00:02.405819 0000001e4f0fdad0/0320: 00 00 00 00 00 00 00 00-00 00 00 00 00 00 00 00 ................
00:00:02.405820 0000001e4f0fdae0/0330: 00 00 00 00 00 00 00 00-00 00 00 00 00 00 00 00 ................
00:00:02.405821 0000001e4f0fdaf0/0340: 00 00 00 00 00 00 00 00-00 00 00 00 00 00 00 00 ................
00:00:02.405821 0000001e4f0fdb00/0350: 00 00 00 00 00 00 00 00-00 00 00 00 00 00 00 00 ................
00:00:02.405822 0000001e4f0fdb10/0360: 00 00 00 00 00 00 00 00-00 00 00 00 00 00 00 00 ................
00:00:02.405823 0000001e4f0fdb20/0370: 00 00 00 00 00 00 00 00-00 00 00 00 00 00 00 00 ................
00:00:02.405823 0000001e4f0fdb30/0380: 00 00 00 00 00 00 00 00-00 00 00 00 00 00 00 00 ................
00:00:02.405824 0000001e4f0fdb40/0390: 00 00 00 00 00 00 00 00-00 00 00 00 00 00 00 00 ................
00:00:02.405825 0000001e4f0fdb50/03a0: 00 00 00 00 00 00 00 00-00 00 00 00 00 00 00 00 ................
00:00:02.405825 0000001e4f0fdb60/03b0: 00 00 00 00 00 00 00 00-00 00 00 00 00 00 00 00 ................
00:00:02.405826 0000001e4f0fdb70/03c0: 00 00 00 00 00 00 00 00-00 00 00 00 00 00 00 00 ................
00:00:02.405827 0000001e4f0fdb80/03d0: 00 00 00 00 00 00 00 00-00 00 00 00 00 00 00 00 ................
00:00:02.405828 0000001e4f0fdb90/03e0: 00 00 00 00 00 00 00 00-00 00 00 00 00 00 00 00 ................
00:00:02.405828 0000001e4f0fdba0/03f0: 00 00 00 00 00 00 00 00-00 00 00 00 00 00 00 00 ................
00:00:02.405829 0000001e4f0fdbb0/0400: 00 00 00 00 00 00 00 00-00 00 00 00 00 00 00 00 ................
00:00:02.405830 0000001e4f0fdbc0/0410: 00 00 00 00 00 00 00 00-00 00 00 00 00 00 00 00 ................
00:00:02.405830 0000001e4f0fdbd0/0420: 00 00 00 00 00 00 00 00-00 00 00 00 00 00 00 00 ................
00:00:02.405831 0000001e4f0fdbe0/0430: 00 00 00 00 00 00 00 00-00 00 00 00 00 00 00 00 ................
00:00:02.405832 0000001e4f0fdbf0/0440: 00 00 00 00 00 00 00 00-00 00 00 00 00 00 00 00 ................
00:00:02.405832 0000001e4f0fdc00/0450: 00 00 00 00 00 00 00 00-00 00 00 00 00 00 00 00 ................
00:00:02.405833 0000001e4f0fdc10/0460: 00 00 00 00 00 00 00 00-00 00 00 00 00 00 00 00 ................
00:00:02.405834 0000001e4f0fdc20/0470: 00 00 00 00 00 00 00 00-00 00 00 00 00 00 00 00 ................
00:00:02.405834 0000001e4f0fdc30/0480: 00 00 00 00 00 00 00 00-00 00 00 00 00 00 00 00 ................
00:00:02.405835 0000001e4f0fdc40/0490: 00 00 00 00 00 00 00 00-00 00 00 00 00 00 00 00 ................
00:00:02.405836 0000001e4f0fdc50/04a0: 00 00 00 00 00 00 00 00-00 00 00 00 00 00 00 00 ................
00:00:02.405836 0000001e4f0fdc60/04b0: 00 00 00 00 00 00 00 00-00 00 00 00 00 00 00 00 ................
00:00:02.405837 0000001e4f0fdc70/04c0: 00 00 00 00 00 00 00 00-00 00 00 00 00 00 00 00 ................
00:00:02.405838 0000001e4f0fdc80/04d0: 00 00 00 00 00 00 00 00-00 00 00 00 00 00 00 00 ................
00:00:02.405838 0000001e4f0fdc90/04e0: 00 00 00 00 00 00 00 00-00 00 00 00 00 00 00 00 ................
00:00:02.405839 0000001e4f0fdca0/04f0: 00 00 00 00 00 00 00 00-00 00 00 00 00 00 00 00 ................
00:00:02.405840 0000001e4f0fdcb0/0500: 00 00 00 00 00 00 00 00-00 00 00 00 00 00 00 00 ................
00:00:02.405840 0000001e4f0fdcc0/0510: 00 00 00 00 00 00 00 00-00 00 00 00 00 00 00 00 ................
00:00:02.405841 0000001e4f0fdcd0/0520: 00 00 00 00 00 00 00 00-00 00 00 00 00 00 00 00 ................
00:00:02.405842 0000001e4f0fdce0/0530: 00 00 00 00 00 00 00 00-00 00 00 00 00 00 00 00 ................
00:00:02.405842 0000001e4f0fdcf0/0540: 00 00 00 00 00 00 00 00-00 00 00 00 00 00 00 00 ................
00:00:02.405843 0000001e4f0fdd00/0550: 00 00 00 00 00 00 00 00-00 00 00 00 00 00 00 00 ................
00:00:02.405844 0000001e4f0fdd10/0560: 00 00 00 00 00 00 00 00-00 00 00 00 00 00 00 00 ................
00:00:02.405845 0000001e4f0fdd20/0570: 00 00 00 00 00 00 00 00-00 00 00 00 00 00 00 00 ................
00:00:02.405845 0000001e4f0fdd30/0580: 00 00 00 00 00 00 00 00-00 00 00 00 00 00 00 00 ................
00:00:02.405846 0000001e4f0fdd40/0590: 00 00 00 00 00 00 00 00-00 00 00 00 00 00 00 00 ................
00:00:02.405847 0000001e4f0fdd50/05a0: 00 00 00 00 00 00 00 00-00 00 00 00 00 00 00 00 ................
00:00:02.405847 0000001e4f0fdd60/05b0: 00 00 00 00 00 00 00 00-00 00 00 00 00 00 00 00 ................
00:00:02.405848 0000001e4f0fdd70/05c0: 00 00 00 00 00 00 00 00-00 00 00 00 00 00 00 00 ................
00:00:02.405849 0000001e4f0fdd80/05d0: 00 00 00 00 00 00 00 00-00 00 00 00 00 00 00 00 ................
00:00:02.405849 0000001e4f0fdd90/05e0: 00 00 00 00 00 00 00 00-00 00 00 00 00 00 00 00 ................
00:00:02.405850 0000001e4f0fdda0/05f0: 00 00 00 00 00 00 00 00-00 00 00 00 00 00 00 00 ................
00:00:02.405851 0000001e4f0fddb0/0600: 00 00 00 00 00 00 00 00-00 00 00 00 00 00 00 00 ................
00:00:02.405851 0000001e4f0fddc0/0610: 00 00 00 00 00 00 00 00-00 00 00 00 00 00 00 00 ................
00:00:02.405852 0000001e4f0fddd0/0620: 00 00 00 00 00 00 00 00-00 00 00 00 00 00 00 00 ................
00:00:02.405853 0000001e4f0fdde0/0630: 00 00 00 00 00 00 00 00-00 00 00 00 00 00 00 00 ................
00:00:02.405853 0000001e4f0fddf0/0640: 00 00 00 00 00 00 00 00-00 00 00 00 00 00 00 00 ................
00:00:02.405854 0000001e4f0fde00/0650: 00 00 00 00 00 00 00 00-00 00 00 00 00 00 00 00 ................
00:00:02.405855 0000001e4f0fde10/0660: 00 00 00 00 00 00 00 00-00 00 00 00 00 00 00 00 ................
00:00:02.405855 0000001e4f0fde20/0670: 00 00 00 00 00 00 00 00-00 00 00 00 00 00 00 00 ................
00:00:02.405856 0000001e4f0fde30/0680: 00 00 00 00 00 00 00 00-00 00 00 00 00 00 00 00 ................
00:00:02.405857 0000001e4f0fde40/0690: 00 00 00 00 00 00 00 00-00 00 00 00 00 00 00 00 ................
00:00:02.405858 0000001e4f0fde50/06a0: 00 00 00 00 00 00 00 00-00 00 00 00 00 00 00 00 ................
00:00:02.405858 0000001e4f0fde60/06b0: 00 00 00 00 00 00 00 00-00 00 00 00 00 00 00 00 ................
00:00:02.405859 0000001e4f0fde70/06c0: 00 00 00 00 00 00 00 00-00 00 00 00 00 00 00 00 ................
00:00:02.405860 0000001e4f0fde80/06d0: 00 00 00 00 00 00 00 00-00 00 00 00 00 00 00 00 ................
00:00:02.405860 0000001e4f0fde90/06e0: 00 00 00 00 00 00 00 00-00 00 00 00 00 00 00 00 ................
00:00:02.405861 0000001e4f0fdea0/06f0: 00 00 00 00 00 00 00 00-00 00 00 00 00 00 00 00 ................
00:00:02.405862 0000001e4f0fdeb0/0700: 00 00 00 00 00 00 00 00-00 00 00 00 00 00 00 00 ................
00:00:02.405862 0000001e4f0fdec0/0710: 00 00 00 00 00 00 00 00-00 00 00 00 00 00 00 00 ................
00:00:02.405863 0000001e4f0fded0/0720: 00 00 00 00 00 00 00 00-00 00 00 00 00 00 00 00 ................
00:00:02.405864 0000001e4f0fdee0/0730: 00 00 00 00 00 00 00 00-00 00 00 00 00 00 00 00 ................
00:00:02.405864 0000001e4f0fdef0/0740: 00 00 00 00 00 00 00 00-00 00 00 00 00 00 00 00 ................
00:00:02.405865 0000001e4f0fdf00/0750: 00 00 00 00 00 00 00 00-00 00 00 00 00 00 00 00 ................
00:00:02.405866 0000001e4f0fdf10/0760: 00 00 00 00 00 00 00 00-00 00 00 00 00 00 00 00 ................
00:00:02.405866 0000001e4f0fdf20/0770: 00 00 00 00 00 00 00 00-00 00 00 00 00 00 00 00 ................
00:00:02.405867 0000001e4f0fdf30/0780: 00 00 00 00 00 00 00 00-00 00 00 00 00 00 00 00 ................
00:00:02.405868 0000001e4f0fdf40/0790: 00 00 00 00 00 00 00 00-00 00 00 00 00 00 00 00 ................
00:00:02.405868 0000001e4f0fdf50/07a0: 00 00 00 00 00 00 00 00-00 00 00 00 00 00 00 00 ................
00:00:02.405869 0000001e4f0fdf60/07b0: 00 00 00 00 00 00 00 00-00 00 00 00 00 00 00 00 ................
00:00:02.405870 0000001e4f0fdf70/07c0: 00 00 00 00 00 00 00 00-00 00 00 00 00 00 00 00 ................
00:00:02.405870 0000001e4f0fdf80/07d0: 00 00 00 00 00 00 00 00-00 00 00 00 00 00 00 00 ................
00:00:02.405871 0000001e4f0fdf90/07e0: 00 00 00 00 00 00 00 00-00 00 00 00 00 00 00 00 ................
00:00:02.405872 0000001e4f0fdfa0/07f0: 00 00 00 00 00 00 00 00-00 00 00 00 00 00 00 00 ................
00:00:02.405872 0000001e4f0fdfb0/0800: 00 00 00 00 00 00 00 00-00 00 00 00 00 00 00 00 ................
00:00:02.405873 0000001e4f0fdfc0/0810: 00 00 00 00 00 00 00 00-00 00 00 00 00 00 00 00 ................
00:00:02.405874 0000001e4f0fdfd0/0820: 00 00 00 00 00 00 00 00-00 00 00 00 00 00 00 00 ................
00:00:02.405875 0000001e4f0fdfe0/0830: 00 00 00 00 00 00 00 00-00 00 00 00 00 00 00 00 ................
00:00:02.405875 0000001e4f0fdff0/0840: 00 00 00 00 00 00 00 00-00 00 00 00 00 00 00 00 ................
00:00:02.405876 0000001e4f0fe000/0850: 00 00 00 00 00 00 00 00-00 00 00 00 00 00 00 00 ................
00:00:02.405877 0000001e4f0fe010/0860: 00 00 00 00 00 00 00 00-00 00 00 00 00 00 00 00 ................
00:00:02.405877 0000001e4f0fe020/0870: 00 00 00 00 00 00 00 00-00 00 00 00 00 00 00 00 ................
00:00:02.405878 0000001e4f0fe030/0880: 00 00 00 00 00 00 00 00-00 00 00 00 00 00 00 00 ................
00:00:02.405879 0000001e4f0fe040/0890: 00 00 00 00 00 00 00 00-00 00 00 00 00 00 00 00 ................
00:00:02.405879 0000001e4f0fe050/08a0: 00 00 00 00 00 00 00 00-00 00 00 00 00 00 00 00 ................
00:00:02.405880 0000001e4f0fe060/08b0: 00 00 00 00 00 00 00 00-00 00 00 00 00 00 00 00 ................
00:00:02.405881 0000001e4f0fe070/08c0: 00 00 00 00 00 00 00 00-00 00 00 00 00 00 00 00 ................
00:00:02.405881 0000001e4f0fe080/08d0: 00 00 00 00 00 00 00 00-00 00 00 00 00 00 00 00 ................
00:00:02.405882 0000001e4f0fe090/08e0: 00 00 00 00 00 00 00 00-00 00 00 00 00 00 00 00 ................
00:00:02.405883 0000001e4f0fe0a0/08f0: 00 00 00 00 00 00 00 00-00 00 00 00 00 00 00 00 ................
00:00:02.405883 0000001e4f0fe0b0/0900: 00 00 00 00 00 00 00 00-00 00 00 00 00 00 00 00 ................
00:00:02.405884 0000001e4f0fe0c0/0910: 00 00 00 00 00 00 00 00-00 00 00 00 00 00 00 00 ................
00:00:02.405885 0000001e4f0fe0d0/0920: 00 00 00 00 00 00 00 00-00 00 00 00 00 00 00 00 ................
00:00:02.405885 0000001e4f0fe0e0/0930: 00 00 00 00 00 00 00 00-00 00 00 00 00 00 00 00 ................
00:00:02.405886 0000001e4f0fe0f0/0940: 00 00 00 00 00 00 00 00-00 00 00 00 00 00 00 00 ................
00:00:02.405887 0000001e4f0fe100/0950: 00 00 00 00 00 00 00 00-00 00 00 00 00 00 00 00 ................
00:00:02.405887 0000001e4f0fe110/0960: 00 00 00 00 00 00 00 00-00 00 00 00 00 00 00 00 ................
00:00:02.405888 0000001e4f0fe120/0970: 00 00 00 00 00 00 00 00-00 00 00 00 00 00 00 00 ................
00:00:02.405889 0000001e4f0fe130/0980: 00 00 00 00 00 00 00 00-00 00 00 00 00 00 00 00 ................
00:00:02.405890 0000001e4f0fe140/0990: 00 00 00 00 00 00 00 00-00 00 00 00 00 00 00 00 ................
00:00:02.405890 0000001e4f0fe150/09a0: 00 00 00 00 00 00 00 00                         ........
00:00:02.405933 NEM: Successfully set up partition (device handle 0000000000001b25, partition ID 0x0)
00:00:02.405994 GUI: UIMediumEnumerator: Medium-enumeration finished!
00:00:02.406128 PGM: Host paging mode: AMD64+PGE+NX
00:00:02.406136 PGM: PGMPool: cMaxPages=256 (u64MaxPages=64)
00:00:02.406138 PGM: pgmR3PoolInit: cMaxPages=0x100 cMaxUsers=0x200 cMaxPhysExts=0x200 fCacheEnable=true
00:00:02.406752 SUPLib: MEM_LARGE_PAGES privilege not held.
00:00:02.407798 TM: GIP - u32Mode=3 (Invariant) u32UpdateHz=93 u32UpdateIntervalNS=10741500 enmUseTscDelta=2 (Practically Zero) fGetGipCpu=0x3b cCpus=32
00:00:02.407803 TM: GIP - u64CpuHz=2 395 441 967 (0x8ec78b2f)  SUPGetCpuHzFromGip => 2 395 441 967
00:00:02.407806 TM: GIP - CPU: iCpuSet=0x0 idCpu=0x0 idApic=0x0 iGipCpu=0x0 i64TSCDelta=0 enmState=3 u64CpuHz=2395441967(*) cErrors=0
00:00:02.407809 TM: GIP - CPU: iCpuSet=0x1 idCpu=0x1 idApic=0x1 iGipCpu=0x1 i64TSCDelta=0 enmState=3 u64CpuHz=2395447714(*) cErrors=0
00:00:02.407811 TM: GIP - CPU: iCpuSet=0x2 idCpu=0x2 idApic=0x2 iGipCpu=0x2 i64TSCDelta=0 enmState=3 u64CpuHz=2395440508(*) cErrors=0
00:00:02.407814 TM: GIP - CPU: iCpuSet=0x3 idCpu=0x3 idApic=0x3 iGipCpu=0x14 i64TSCDelta=0 enmState=3 u64CpuHz=2395447714(*) cErrors=0
00:00:02.407816 TM: GIP - CPU: iCpuSet=0x4 idCpu=0x4 idApic=0x4 iGipCpu=0x16 i64TSCDelta=0 enmState=3 u64CpuHz=2395447714(*) cErrors=0
00:00:02.407818 TM: GIP - CPU: iCpuSet=0x5 idCpu=0x5 idApic=0x5 iGipCpu=0x13 i64TSCDelta=0 enmState=3 u64CpuHz=2395447714(*) cErrors=0
00:00:02.407821 TM: GIP - CPU: iCpuSet=0x6 idCpu=0x6 idApic=0x6 iGipCpu=0x3 i64TSCDelta=0 enmState=3 u64CpuHz=2395441324(*) cErrors=0
00:00:02.407823 TM: GIP - CPU: iCpuSet=0x7 idCpu=0x7 idApic=0x7 iGipCpu=0x4 i64TSCDelta=0 enmState=3 u64CpuHz=2395441513(*) cErrors=0
00:00:02.407825 TM: GIP - CPU: iCpuSet=0x8 idCpu=0x8 idApic=0x8 iGipCpu=0x12 i64TSCDelta=0 enmState=3 u64CpuHz=2395447714(*) cErrors=0
00:00:02.407827 TM: GIP - CPU: iCpuSet=0x9 idCpu=0x9 idApic=0x9 iGipCpu=0x7 i64TSCDelta=0 enmState=3 u64CpuHz=2395441384(*) cErrors=0
00:00:02.407829 TM: GIP - CPU: iCpuSet=0xa idCpu=0xa idApic=0xa iGipCpu=0x1c i64TSCDelta=0 enmState=3 u64CpuHz=2395447714(*) cErrors=0
00:00:02.407831 TM: GIP - CPU: iCpuSet=0xb idCpu=0xb idApic=0xb iGipCpu=0x10 i64TSCDelta=0 enmState=3 u64CpuHz=2395447714(*) cErrors=0
00:00:02.407833 TM: GIP - CPU: iCpuSet=0xc idCpu=0xc idApic=0xc iGipCpu=0x15 i64TSCDelta=0 enmState=3 u64CpuHz=2395447714(*) cErrors=0
00:00:02.407836 TM: GIP - CPU: iCpuSet=0xd idCpu=0xd idApic=0xd iGipCpu=0x11 i64TSCDelta=0 enmState=3 u64CpuHz=2395447714(*) cErrors=0
00:00:02.407838 TM: GIP - CPU: iCpuSet=0xe idCpu=0xe idApic=0xe iGipCpu=0x1d i64TSCDelta=0 enmState=3 u64CpuHz=2395447714(*) cErrors=0
00:00:02.407840 TM: GIP - CPU: iCpuSet=0xf idCpu=0xf idApic=0xf iGipCpu=0x1b i64TSCDelta=0 enmState=3 u64CpuHz=2395447714(*) cErrors=0
00:00:02.407842 TM: GIP - CPU: iCpuSet=0x10 idCpu=0x10 idApic=0x10 iGipCpu=0x5 i64TSCDelta=0 enmState=3 u64CpuHz=2395441767(*) cErrors=0
00:00:02.407844 TM: GIP - CPU: iCpuSet=0x11 idCpu=0x11 idApic=0x11 iGipCpu=0x18 i64TSCDelta=0 enmState=3 u64CpuHz=2395447714(*) cErrors=0
00:00:02.407846 TM: GIP - CPU: iCpuSet=0x12 idCpu=0x12 idApic=0x12 iGipCpu=0xa i64TSCDelta=0 enmState=3 u64CpuHz=2395441912(*) cErrors=0
00:00:02.407848 TM: GIP - CPU: iCpuSet=0x13 idCpu=0x13 idApic=0x13 iGipCpu=0xb i64TSCDelta=0 enmState=3 u64CpuHz=2395441882(*) cErrors=0
00:00:02.407851 TM: GIP - CPU: iCpuSet=0x14 idCpu=0x14 idApic=0x14 iGipCpu=0x8 i64TSCDelta=0 enmState=3 u64CpuHz=2395441883(*) cErrors=0
00:00:02.407853 TM: GIP - CPU: iCpuSet=0x15 idCpu=0x15 idApic=0x15 iGipCpu=0x1e i64TSCDelta=0 enmState=3 u64CpuHz=2395447714(*) cErrors=0
00:00:02.407855 TM: GIP - CPU: iCpuSet=0x16 idCpu=0x16 idApic=0x16 iGipCpu=0x9 i64TSCDelta=0 enmState=3 u64CpuHz=2395441916(*) cErrors=0
00:00:02.407857 TM: GIP - CPU: iCpuSet=0x17 idCpu=0x17 idApic=0x17 iGipCpu=0x1a i64TSCDelta=0 enmState=3 u64CpuHz=2395447714(*) cErrors=0
00:00:02.407861 TM: GIP - CPU: iCpuSet=0x18 idCpu=0x18 idApic=0x18 iGipCpu=0xe i64TSCDelta=0 enmState=3 u64CpuHz=2395441967(*) cErrors=0
00:00:02.407864 TM: GIP - CPU: iCpuSet=0x19 idCpu=0x19 idApic=0x19 iGipCpu=0xc i64TSCDelta=0 enmState=3 u64CpuHz=2395441956(*) cErrors=0
00:00:02.407866 TM: GIP - CPU: iCpuSet=0x1a idCpu=0x1a idApic=0x1a iGipCpu=0xd i64TSCDelta=0 enmState=3 u64CpuHz=2395441819(*) cErrors=0
00:00:02.407868 TM: GIP - CPU: iCpuSet=0x1b idCpu=0x1b idApic=0x1b iGipCpu=0x19 i64TSCDelta=0 enmState=3 u64CpuHz=2395447714(*) cErrors=0
00:00:02.407871 TM: GIP - CPU: iCpuSet=0x1c idCpu=0x1c idApic=0x1c iGipCpu=0x6 i64TSCDelta=0 enmState=3 u64CpuHz=2395441721(*) cErrors=0
00:00:02.407873 TM: GIP - CPU: iCpuSet=0x1d idCpu=0x1d idApic=0x1d iGipCpu=0xf i64TSCDelta=0 enmState=3 u64CpuHz=2395447714(*) cErrors=0
00:00:02.407876 TM: GIP - CPU: iCpuSet=0x1e idCpu=0x1e idApic=0x1e iGipCpu=0x1f i64TSCDelta=0 enmState=3 u64CpuHz=2395447714(*) cErrors=0
00:00:02.407878 TM: GIP - CPU: iCpuSet=0x1f idCpu=0x1f idApic=0x1f iGipCpu=0x17 i64TSCDelta=0 enmState=3 u64CpuHz=2395447714(*) cErrors=0
00:00:02.407882 TM: NEM overrides the /TM/TSCModeSwitchAllowed setting.
00:00:02.407890 TM:     cTSCTicksPerSecond=2 395 441 967 (0x8ec78b2f) enmTSCMode=4 (NativeApi) TSCMultiplier=1
00:00:02.407892 TM: cTSCTicksPerSecondHost=2 395 441 967 (0x8ec78b2f)
00:00:02.407893 TM: TSCTiedToExecution=false TSCNotTiedToHalt=false
00:00:02.408468 EMR3Init: fIemExecutesAll=false fGuruOnTripleFault=true
00:00:02.408568 IEM: TargetCpu=CURRENT, Microarch=AMD_Unknown aidxTargetCpuEflFlavour={2,0}
00:00:02.408971 GIM: Using provider 'None' (Implementation version: 0)
00:00:02.408980 GCM: Initialized - Fixer bits: 0x0
00:00:02.409021 AIOMgr: Default manager type is 'Async'
00:00:02.409023 AIOMgr: Default file backend is 'NonBuffered'
00:00:02.409054 BlkCache: Cache successfully initialized. Cache size is 5242880 bytes
00:00:02.409056 BlkCache: Cache commit interval is 10000 ms
00:00:02.409058 BlkCache: Cache commit threshold is 2621440 bytes
00:00:02.619408 PcBios: [SMP] BIOS with 1 CPUs
00:00:02.619429 PcBios: Using the 386+ BIOS image.
00:00:02.619488 PcBios: MPS table at 000e1300
00:00:02.619756 PcBios: fCheckShutdownStatusForSoftReset=true  fClearShutdownStatusOnHardReset=true
00:00:02.619896 PDM: VirtualBox APIC backend registered
00:00:02.619926 CPUM: SetGuestCpuIdFeature: Enabled xAPIC
00:00:02.620516 IOAPIC: Version=2.0 ChipType=ICH9
00:00:02.620551 PIT: mode=3 count=0x10000 (65536) - 18.20 Hz (ch=0)
00:00:02.620650 VMMDev: cbDefaultBudget: 680 847 701 (2894e955)
00:00:02.628210 Shared Folders service loaded
00:00:02.633556 Guest Control service loaded
00:00:02.640280 VGA: Using the 386+ BIOS image.
00:00:02.641068 DrvVD: Flushes will be ignored
00:00:02.641074 DrvVD: Async flushes will be passed to the disk
00:00:02.641249 VD: VDInit finished with VINF_SUCCESS
00:00:02.641353 VD: Opening the disk took 270542 ns
00:00:02.641386 PIIX3 ATA: LUN#0: disk, PCHS=32/16/63, total number of sectors 32768
00:00:02.641445 PIIX3 ATA: LUN#1: no unit
00:00:02.641480 DrvVD: Flushes will be ignored
00:00:02.641482 DrvVD: Async flushes will be passed to the disk
00:00:02.641522 VD: Opening the disk took 36351 ns
00:00:02.641542 PIIX3 ATA: LUN#2: CD/DVD, total number of sectors 5849, passthrough disabled
00:00:02.641546 PIIX3 ATA: LUN#3: no unit
00:00:02.641592 PIIX3 ATA: Ctl#0: finished processing RESET
00:00:02.641610 PIIX3 ATA: Ctl#1: finished processing RESET
00:00:02.650606 AC97: Using codec 'STAC9700'
00:00:02.661721 WasAPI: Input device is: {Default} (iface 0000018b943185c0)
00:00:02.662254 WasAPI: Output device is: {Default} (iface 0000018b94318840)
00:00:02.664361 Audio: Found 9 devices for driver 'WasAPI'
00:00:02.664370 Audio: Device '耳机 (Realtek(R) Audio)':
00:00:02.664371 Audio:   ID              = {0.0.0.00000000}.{7b2777a6-f4a9-4324-babe-30d6e180a681}
00:00:02.664371 Audio:   Usage           = output
00:00:02.664371 Audio:   Flags           = DEFAULT_OUT
00:00:02.664371 Audio:   Input channels  = 0
00:00:02.664372 Audio:   Output channels = 2
00:00:02.664378 Audio: Device '耳机 (Realtek(R) Audio)':
00:00:02.664378 Audio:   ID              = {0.0.0.00000000}.{7b2777a6-f4a9-4324-babe-30d6e180a681}
00:00:02.664378 Audio:   Usage           = output
00:00:02.664379 Audio:   Flags           = NONE
00:00:02.664379 Audio:   Input channels  = 0
00:00:02.664379 Audio:   Output channels = 2
00:00:02.664382 Audio: Device '扬声器 (Realtek(R) Audio)':
00:00:02.664382 Audio:   ID              = {0.0.0.00000000}.{8b0c5a91-db6e-4f4b-9f59-c837947307da}
00:00:02.664382 Audio:   Usage           = output
00:00:02.664382 Audio:   Flags           = NONE
00:00:02.664382 Audio:   Input channels  = 0
00:00:02.664382 Audio:   Output channels = 2
00:00:02.664384 Audio: Device '扬声器 (Steam Streaming Speakers)':
00:00:02.664384 Audio:   ID              = {0.0.0.00000000}.{9979180c-9d0a-4a44-bd0e-a94b7a4414cf}
00:00:02.664384 Audio:   Usage           = output
00:00:02.664385 Audio:   Flags           = NONE
00:00:02.664385 Audio:   Input channels  = 0
00:00:02.664385 Audio:   Output channels = 2
00:00:02.664386 Audio: Device '扬声器 (Steam Streaming Microphone)':
00:00:02.664387 Audio:   ID              = {0.0.0.00000000}.{bf096331-d2c2-4093-840a-43cd7cf46682}
00:00:02.664387 Audio:   Usage           = output
00:00:02.664387 Audio:   Flags           = NONE
00:00:02.664387 Audio:   Input channels  = 0
00:00:02.664387 Audio:   Output channels = 2
00:00:02.664389 Audio: Device '麦克风 (Realtek(R) Audio)':
00:00:02.664389 Audio:   ID              = {0.0.1.00000000}.{1398322c-6edb-485a-a2a7-65442101490d}
00:00:02.664389 Audio:   Usage           = input
00:00:02.664389 Audio:   Flags           = DEFAULT_IN
00:00:02.664389 Audio:   Input channels  = 2
00:00:02.664390 Audio:   Output channels = 0
00:00:02.664391 Audio: Device '麦克风 (Realtek(R) Audio)':
00:00:02.664391 Audio:   ID              = {0.0.1.00000000}.{1398322c-6edb-485a-a2a7-65442101490d}
00:00:02.664391 Audio:   Usage           = input
00:00:02.664392 Audio:   Flags           = NONE
00:00:02.664392 Audio:   Input channels  = 2
00:00:02.664392 Audio:   Output channels = 0
00:00:02.664393 Audio: Device '麦克风 (Steam Streaming Microphone)':
00:00:02.664394 Audio:   ID              = {0.0.1.00000000}.{25f6e7ed-b9dc-4cb4-9aae-7a56516f527e}
00:00:02.664394 Audio:   Usage           = input
00:00:02.664394 Audio:   Flags           = NONE
00:00:02.664394 Audio:   Input channels  = 1
00:00:02.664394 Audio:   Output channels = 0
00:00:02.664396 Audio: Device '麦克风阵列 (Realtek(R) Audio)':
00:00:02.664396 Audio:   ID              = {0.0.1.00000000}.{639e33ac-37aa-402b-88b7-056993640ee1}
00:00:02.664396 Audio:   Usage           = input
00:00:02.664396 Audio:   Flags           = NONE
00:00:02.664396 Audio:   Input channels  = 2
00:00:02.664396 Audio:   Output channels = 0
00:00:02.664443 AC97: Reset
00:00:02.664443 AC97: Mixer reset (EAID=0x809, EACS=0x9)
00:00:02.664443 AC97: Record select to left=mic, right=mic
00:00:02.664443 Audio Mixer: MUTING master volume of 'AC'97 Mixer' -- channel volumes: ff ff ff ff ff ff ff ff ff ff ff ff
00:00:02.664443 Audio Mixer: MUTING sink 'AC'97 Mixer/Line In' -- channel volumes: 00 00 00 00 00 00 00 00 00 00 00 00
00:00:02.664443 Audio Mixer: MUTING sink 'AC'97 Mixer/Microphone In' -- channel volumes: 00 00 00 00 00 00 00 00 00 00 00 00
00:00:02.664443 Audio Mixer: MUTING sink 'AC'97 Mixer/PCM Output' -- channel volumes: 00 00 00 00 00 00 00 00 00 00 00 00
00:00:02.664443 Audio Mixer: MUTING sink 'AC'97 Mixer/PCM Output' -- channel volumes: 00 00 00 00 00 00 00 00 00 00 00 00
00:00:02.664443 Audio Mixer: MUTING sink 'AC'97 Mixer/Line In' -- channel volumes: 00 00 00 00 00 00 00 00 00 00 00 00
00:00:02.664443 Audio Mixer: MUTING sink 'AC'97 Mixer/Line In' -- channel volumes: 00 00 00 00 00 00 00 00 00 00 00 00
00:00:02.664443 Audio Mixer: MUTING sink 'AC'97 Mixer/Microphone In' -- channel volumes: 00 00 00 00 00 00 00 00 00 00 00 00
00:00:02.664979 PGM: The CPU physical address width is 48 bits
00:00:02.664989 PGM: PGMR3InitFinalize: 4 MB PSE mask 0000ffffffffffff -> VINF_SUCCESS
00:00:02.664997 TM: TMR3InitFinalize: fTSCModeSwitchAllowed=false
00:00:02.665223 CPUM: Mapped 1.0MiB (1048576 bytes) of RAM using fixed-range MTRRs
00:00:02.665227 CPUM: Mapped 64.0MiB (67108864 bytes) of RAM using 1 variable-range MTRRs
00:00:02.665329 VMM: Thread-context hooks unavailable
00:00:02.665332 VMM: RTThreadPreemptIsPending() can be trusted
00:00:02.665335 VMM: Kernel preemption is possible
00:00:02.665342 EM: Exit history optimizations: enabled=true enabled-r0=true enabled-r0-no-preemption=false
00:00:02.665353 PcBios: ATA LUN#0 LCHS=32/16/63
00:00:02.665357 APIC: fPostedIntrsEnabled=false fVirtApicRegsEnabled=false fSupportsTscDeadline=false
00:00:02.665361 TMR3UtcNow: nsNow=1 785 001 036 335 369 000 nsPrev=0 -> cNsDelta=1 785 001 036 335 369 000 (offLag=0 offVirtualSync=0 offVirtualSyncGivenUp=0, NowAgain=1 785 001 036 335 369 000)
00:00:02.665381 VMM: fUsePeriodicPreemptionTimers=true
00:00:02.665384 CPUM: Logical host processors: 32 present, 32 max, 32 online, online mask: 00000000ffffffff
00:00:02.665385 CPUM: Physical host cores: 16
00:00:02.665385 ************************ CPUID dump *************************
00:00:02.667064          Raw Standard CPUID Leaves
00:00:02.667064      Leaf/sub-leaf  eax      ebx      ecx      edx
00:00:02.667065 Gst: 00000000/0000  0000000d 68747541 444d4163 69746e65
00:00:02.667066 Hst:                0000000d 68747541 444d4163 69746e65
00:00:02.667066 Gst: 00000001/0000  00a60f12 00010800 76d83203 178bfbff
00:00:02.667066 Hst:                00a60f12 0c200800 fed8320b 178bfbff
00:00:02.667067 Gst: 00000002/0000  00000000 00000000 00000000 00000000
00:00:02.667067 Hst:                00000000 00000000 00000000 00000000
00:00:02.667067 Gst: 00000003/0000  00000000 00000000 00000000 00000000
00:00:02.667067 Hst:                00000000 00000000 00000000 00000000
00:00:02.667068 Gst: 00000004/0000  00000000 00000000 00000000 00000000
00:00:02.667068 Hst:                00000000 00000000 00000000 00000000
00:00:02.667068 Gst: 00000005/0000  00000000 00000000 00000000 00000000
00:00:02.667068 Hst:                00000040 00000040 00000003 00000011
00:00:02.667069 Gst: 00000006/0000  00000004 00000000 00000000 00000000
00:00:02.667069 Hst:                00000000 00000000 00000001 00000000
00:00:02.667069 Gst: 00000007/0000  00000001 208c0529 00000000 00000000
00:00:02.667069 Hst:                00000001 f1bf97a9 00405fc6 00000010
00:00:02.667070 Gst: 00000007/0001  00000000 00000000 00000000 00000000
00:00:02.667070 Hst:                00000020 00000000 00000000 00000000
00:00:02.667070 Gst: 00000007/0002  00000000 00000000 00000000 00000000
00:00:02.667070 Hst:                00000000 00000000 00000000 00000000
00:00:02.667071 Gst: 00000008/0000  00000000 00000000 00000000 00000000
00:00:02.667071 Hst:                00000000 00000000 00000000 00000000
00:00:02.667071 Gst: 00000009/0000  00000000 00000000 00000000 00000000
00:00:02.667071 Hst:                00000000 00000000 00000000 00000000
00:00:02.667072 Gst: 0000000a/0000  00000000 00000000 00000000 00000000
00:00:02.667072 Hst:                00000000 00000000 00000000 00000000
00:00:02.667072 Gst: 0000000b/0000  00000000 00000001 00000100 00000000
00:00:02.667072 Hst:                00000001 00000002 00000100 0000000c
00:00:02.667073 Gst: 0000000b/0001  00000001 00000001 00000201 00000000
00:00:02.667073 Hst:                00000005 00000020 00000201 0000000c
00:00:02.667073 Gst: 0000000b/0002  00000000 00000000 00000002 00000000
00:00:02.667073 Hst:                00000000 00000000 00000002 0000000c
00:00:02.667074 Gst: 0000000c/0000  00000000 00000000 00000000 00000000
00:00:02.667074 Hst:                00000000 00000000 00000000 00000000
00:00:02.667074 Gst: 0000000d/0000  00000007 00000340 00000340 00000000
00:00:02.667074 Hst:                000000e7 00000980 00000980 00000000
00:00:02.667075 Gst: 0000000d/0001  00000000 00000990 00000000 00000000
00:00:02.667075 Hst:                0000000f 00000990 00001800 00000000
00:00:02.667075 Gst: 0000000d/0002  00000100 00000240 00000000 00000000
00:00:02.667075 Hst:                00000100 00000240 00000000 00000000
00:00:02.667076 Gst: 0000000d/0003  00000000 00000000 00000000 00000000
00:00:02.667076 Hst:                00000000 00000000 00000000 00000000
00:00:02.667076 Gst: 0000000d/0004  00000000 00000000 00000000 00000000
00:00:02.667076 Hst:                00000000 00000000 00000000 00000000
00:00:02.667077 Gst: 0000000d/0005  00000000 00000000 00000000 00000000
00:00:02.667077 Hst:                00000040 00000340 00000000 00000000
00:00:02.667077 Gst: 0000000d/0006  00000000 00000000 00000000 00000000
00:00:02.667077 Hst:                00000200 00000380 00000000 00000000
00:00:02.667078 Gst: 0000000d/0007  00000000 00000000 00000000 00000000
00:00:02.667078 Hst:                00000400 00000580 00000000 00000000
00:00:02.667078 Gst: 0000000d/0008  00000000 00000000 00000000 00000000
00:00:02.667078 Hst:                00000000 00000000 00000000 00000000
00:00:02.667079 Gst: 0000000d/0009  00000000 00000000 00000000 00000000
00:00:02.667079 Hst:                00000000 00000000 00000000 00000000
00:00:02.667079 Gst: 0000000d/000a  00000000 00000000 00000000 00000000
00:00:02.667079 Hst:                00000000 00000000 00000000 00000000
00:00:02.667080 Gst: 0000000d/000b  00000000 00000000 00000000 00000000
00:00:02.667080 Hst:                00000010 00000000 00000001 00000000
00:00:02.667080 Gst: 0000000d/000c  00000000 00000000 00000000 00000000
00:00:02.667080 Hst:                00000018 00000000 00000001 00000000
00:00:02.667080 Gst: 0000000d/000d  00000000 00000000 00000000 00000000
00:00:02.667081 Hst:                00000000 00000000 00000000 00000000
00:00:02.667081                                Name: AuthenticAMD
00:00:02.667082                            Supports: 0x00000000-0x0000000d
00:00:02.667082                              Family: 15 	Extended: 10 	Effective: 25
00:00:02.667083                               Model:  1 	Extended: 6 	Effective: 97
00:00:02.667083                            Stepping: 2
00:00:02.667084                                Type: 0 (primary)
00:00:02.667084                             APIC ID: 0x00
00:00:02.667085                        Logical CPUs: 1
00:00:02.667085                        CLFLUSH Size: 8
00:00:02.667085                            Brand ID: 0x00
00:00:02.667086 Features
00:00:02.667086   Mnemonic - Description                                  = Guest (Host)
00:00:02.667087   FPU - x87 FPU on Chip                                   = 1 (1)
00:00:02.667088   VME - Virtual 8086 Mode Enhancements                    = 1 (1)
00:00:02.667088   DE - Debugging extensions                               = 1 (1)
00:00:02.667089   PSE - Page Size Extension                               = 1 (1)
00:00:02.667089   TSC - Time Stamp Counter                                = 1 (1)
00:00:02.667091   MSR - Model Specific Registers                          = 1 (1)
00:00:02.667092   PAE - Physical Address Extension                        = 1 (1)
00:00:02.667092   MCE - Machine Check Exception                           = 1 (1)
00:00:02.667092   CX8 - CMPXCHG8B instruction                             = 1 (1)
00:00:02.667093   APIC - APIC On-Chip                                     = 1 (1)
00:00:02.667093   SEP - SYSENTER and SYSEXIT Present                      = 1 (1)
00:00:02.667094   MTRR - Memory Type Range Registers                      = 1 (1)
00:00:02.667094   PGE - PTE Global Bit                                    = 1 (1)
00:00:02.667095   MCA - Machine Check Architecture                        = 1 (1)
00:00:02.667095   CMOV - Conditional Move instructions                    = 1 (1)
00:00:02.667095   PAT - Page Attribute Table                              = 1 (1)
00:00:02.667096   PSE-36 - 36-bit Page Size Extension                     = 1 (1)
00:00:02.667096   PSN - Processor Serial Number                           = 0 (0)
00:00:02.667096   CLFSH - CLFLUSH instruction                             = 1 (1)
00:00:02.667097   DS - Debug Store                                        = 0 (0)
00:00:02.667097   ACPI - Thermal Mon. & Soft. Clock Ctrl.                 = 0 (0)
00:00:02.667098   MMX - Intel MMX Technology                              = 1 (1)
00:00:02.667098   FXSR - FXSAVE and FXRSTOR instructions                  = 1 (1)
00:00:02.667098   SSE - SSE support                                       = 1 (1)
00:00:02.667099   SSE2 - SSE2 support                                     = 1 (1)
00:00:02.667099   SS - Self Snoop                                         = 0 (0)
00:00:02.667100   HTT - Hyper-Threading Technology                        = 1 (1)
00:00:02.667100   TM - Therm. Monitor                                     = 0 (0)
00:00:02.667101   PBE - Pending Break Enabled                             = 0 (0)
00:00:02.667101   SSE3 - SSE3 support                                     = 1 (1)
00:00:02.667101   PCLMUL - PCLMULQDQ support (for AES-GCM)                = 1 (1)
00:00:02.667102   DTES64 - DS Area 64-bit Layout                          = 0 (0)
00:00:02.667102   MONITOR - MONITOR/MWAIT instructions                    = 0 (1)
00:00:02.667103   CPL-DS - CPL Qualified Debug Store                      = 0 (0)
00:00:02.667103   VMX - Virtual Machine Extensions                        = 0 (0)
00:00:02.667103   SMX - Safer Mode Extensions                             = 0 (0)
00:00:02.667104   EST - Enhanced SpeedStep Technology                     = 0 (0)
00:00:02.667104   TM2 - Terminal Monitor 2                                = 0 (0)
00:00:02.667104   SSSE3 - Supplemental Streaming SIMD Extensions 3        = 1 (1)
00:00:02.667105   CNTX-ID - L1 Context ID                                 = 0 (0)
00:00:02.667105   SDBG - Silicon Debug interface                          = 0 (0)
00:00:02.667106   FMA - Fused Multiply Add extensions                     = 1 (1)
00:00:02.667106   CX16 - CMPXCHG16B instruction                           = 1 (1)
00:00:02.667106   TPRUPDATE - xTPR Update Control                         = 0 (0)
00:00:02.667107   PDCM - Perf/Debug Capability MSR                        = 0 (0)
00:00:02.667107   PCID - Process Context Identifiers                      = 0 (0)
00:00:02.667107   DCA - Direct Cache Access                               = 0 (0)
00:00:02.667108   SSE4_1 - SSE4_1 support                                 = 1 (1)
00:00:02.667108   SSE4_2 - SSE4_2 support                                 = 1 (1)
00:00:02.667109   X2APIC - x2APIC support                                 = 0 (0)
00:00:02.667109   MOVBE - MOVBE instruction                               = 1 (1)
00:00:02.667109   POPCNT - POPCNT instruction                             = 1 (1)
00:00:02.667110   TSCDEADL - Time Stamp Counter Deadline                  = 0 (0)
00:00:02.667110   AES - AES instructions                                  = 1 (1)
00:00:02.667111   XSAVE - XSAVE instruction                               = 1 (1)
00:00:02.667111   OSXSAVE - OSXSAVE instruction                           = 0 (1)
00:00:02.667111   AVX - AVX support                                       = 1 (1)
00:00:02.667112   F16C - 16-bit floating point conversion instructions    = 1 (1)
00:00:02.667112   RDRAND - RDRAND instruction                             = 1 (1)
00:00:02.667113   HVP - Hypervisor Present (we're a guest)                = 0 (1)
00:00:02.667113 Structured Extended Feature Flags Enumeration (leaf 7):
00:00:02.667113 Sub-leaf 0
00:00:02.667113   Mnemonic - Description                                  = Guest (Host)
00:00:02.667114   FSGSBASE - RDFSBASE/RDGSBASE/WRFSBASE/WRGSBASE instr.   = 1 (1)
00:00:02.667114   TSCADJUST - Supports MSR_IA32_TSC_ADJUST                = 0 (0)
00:00:02.667114   SGX - Supports Software Guard Extensions                = 0 (0)
00:00:02.667115   BMI1 - Advanced Bit Manipulation extension 1            = 1 (1)
00:00:02.667115   HLE - Hardware Lock Elision                             = 0 (0)
00:00:02.667115   AVX2 - Advanced Vector Extensions 2                     = 1 (1)
00:00:02.667117   FDP_EXCPTN_ONLY - FPU DP only updated on exceptions     = 0 (0)
00:00:02.667117   SMEP - Supervisor Mode Execution Prevention             = 0 (1)
00:00:02.667117   BMI2 - Advanced Bit Manipulation extension 2            = 1 (1)
00:00:02.667118   ERMS - Enhanced REP MOVSB/STOSB instructions            = 0 (1)
00:00:02.667118   INVPCID - INVPCID instruction                           = 1 (1)
00:00:02.667119   RTM - Restricted Transactional Memory                   = 0 (0)
00:00:02.667119   PQM - Platform Quality of Service Monitoring            = 0 (1)
00:00:02.667119   DEPFPU_CS_DS - Deprecates FPU CS, FPU DS values if set  = 0 (0)
00:00:02.667119   MPE - Intel Memory Protection Extensions                = 0 (0)
00:00:02.667120   PQE - Platform Quality of Service Enforcement           = 0 (1)
00:00:02.667120   AVX512F - AVX512 Foundation instructions                = 0 (1)
00:00:02.667120   AVX512DQ - Supports the AVX512DQ instructions           = 0 (1)
00:00:02.667121   RDSEED - RDSEED instruction                             = 1 (1)
00:00:02.667121   ADX - ADCX/ADOX instructions                            = 1 (1)
00:00:02.667122   SMAP - Supervisor Mode Access Prevention                = 0 (1)
00:00:02.667122   AVX512_IFMA - Supports the AVX512_IFMA instructions     = 0 (1)
00:00:02.667122   CLFLUSHOPT - CLFLUSHOPT (Cache Line Flush) instruction  = 1 (1)
00:00:02.667122   CLWB - CLWB instruction                                 = 0 (1)
00:00:02.667123   INTEL_PT - Intel Processor Trace                        = 0 (0)
00:00:02.667123   AVX512PF - AVX512 Prefetch instructions                 = 0 (0)
00:00:02.667124   AVX512ER - AVX512 Exponential & Reciprocal instructions = 0 (0)
00:00:02.667124   AVX512CD - AVX512 Conflict Detection instructions       = 0 (1)
00:00:02.667124   SHA - Secure Hash Algorithm extensions                  = 1 (1)
00:00:02.667125   AVX512BW - Supports the AVX512BW instructions           = 0 (1)
00:00:02.667125   AVX512VL - Supports the AVX512VL instructions           = 0 (1)
00:00:02.667125   PREFETCHWT1 - PREFETCHWT1 instruction                   = 0 (0)
00:00:02.667125   AVX512_VBMI - Supports the AVX512_VBMI instructions     = 0 (1)
00:00:02.667126   UMIP - User mode insturction prevention                 = 0 (1)
00:00:02.667126   PKU - Protection Key for Usermode pages                 = 0 (0)
00:00:02.667126   OSPKE - CR4.PKU mirror                                  = 0 (0)
00:00:02.667127   WAITPKG - TPAUSE, UMONITOR & UMWAIT support             = 0 (0)
00:00:02.667127   AVX512_VBMI2 - Supports the AVX512_VBMI2 instructions   = 0 (1)
00:00:02.667127   CET_SS - CET shadow stack support                       = 0 (1)
00:00:02.667128   GFNI - Supports the GFNI instruction set                = 0 (1)
00:00:02.667128   VAES - Supports the VEX encoded AES instruction set     = 0 (1)
00:00:02.667128   VPCLMULQDQ - Supports the VPCLMULQDQ instruction        = 0 (1)
00:00:02.667129   AVX512_VNNI - Supports the AVX512_VNNI instructions     = 0 (1)
00:00:02.667129   AVX512_BITALG - Supports the AVX512_BITALG instructions = 0 (1)
00:00:02.667129   TME_EN - Supports 4 IA32_TME_ MSRs                      = 0 (0)
00:00:02.667130   AVX512_VPOPCNTDQ - Supports the AVX512_VPOPCNTDQ instructions = 0 (1)
00:00:02.667130   LA57 - 57-bit linear addresses                          = 0 (0)
00:00:02.667130   MAWAU - Value used by BNDLDX & BNDSTX                   = 0x0 (0x0)
00:00:02.667131   RDPID - Read processor ID support                       = 0 (1)
00:00:02.667131   KEY_LOCKER - Supports Key Locker                        = 0 (0)
00:00:02.667132   BUS_LOCK_DETECT - Supports OS bus-lock detection        = 0 (0)
00:00:02.667132   CLDEMOTE - Supports cache line demote                   = 0 (0)
00:00:02.667132   MOVDIRI - Supports the MOVDIRI instruction              = 0 (0)
00:00:02.667132   MOVDIRI64B - Supports the MOVDIRI64B instruction        = 0 (0)
00:00:02.667133   ENQCMD - Supports the Eqnqueue Stores                   = 0 (0)
00:00:02.667133   SGX_LC - Supports SGX Launch Configuration              = 0 (0)
00:00:02.667133   PKS - Supports protection keys for supervisor pages     = 0 (0)
00:00:02.667134   SGX_KEYS - Supports Attestation Service for Intel SGX   = 0 (0)
00:00:02.667134   AVX512_4VNNIW - Supports the AVX512_4VNNIW instructions = 0 (0)
00:00:02.667135   AVX512_4FMAPS - Supports the AVX512_4FMAPS instructions = 0 (0)
00:00:02.667135   FAST_SHORT_REP_MOVSB - Supports fast short REP MOVSB    = 0 (1)
00:00:02.667136   UINTR - Supports user interrupts                        = 0 (0)
00:00:02.667136   AVX512_VP2INTERSECT - Supports the AVX512_VP2INTERSECT instr. = 0 (0)
00:00:02.667137   MCU_OPT_CTRL - Supports IA32_MCU_OPT_CTRL               = 0 (0)
00:00:02.667137   MD_CLEAR - Supports MDS related buffer clearing         = 0 (0)
00:00:02.667137   RTM_ALWAYS_ABORT - XBEGIN always aborts and does fallback = 0 (0)
00:00:02.667137   RTM_FORCE_ABORT - Supports IA32_TSX_FORCE_ABORT         = 0 (0)
00:00:02.667138   SERIALIZE - Supports the SERIALIZE instruction          = 0 (0)
00:00:02.667138   HYBRID - Identifiers the CPU as a hybrid part           = 0 (0)
00:00:02.667138   TSXLDTRK - Supports susp/resume of TSX ld addr tracking = 0 (0)
00:00:02.667139   PCONFIG - Supports the PCONFIG instruction              = 0 (0)
00:00:02.667139   ARCH_LBRS - Supports architectural LBRs                 = 0 (0)
00:00:02.667139   CET_IBT - Supports indirect branch tracking w/ CET      = 0 (0)
00:00:02.667139   AMX_BF16 - Supports tile comp. ops on bfloat16 number   = 0 (0)
00:00:02.667140   AVX512_FP16 - Supports the FP16 data type with AVX512   = 0 (0)
00:00:02.667140   AMX_TILE - Supports the tile architecture               = 0 (0)
00:00:02.667140   AMX_INT8 - Supports tile comp. ops on 8-bit integers    = 0 (0)
00:00:02.667141   IBRS_IBPB - IA32_SPEC_CTRL.IBRS and IA32_PRED_CMD.IBPB  = 0 (0)
00:00:02.667141   STIBP - Supports IA32_SPEC_CTRL.STIBP                   = 0 (0)
00:00:02.667141   FLUSH_CMD - Supports IA32_FLUSH_CMD                     = 0 (0)
00:00:02.667141   ARCHCAP - Supports IA32_ARCH_CAP                        = 0 (0)
00:00:02.667142   CORECAP - Supports IA32_CORE_CAP                        = 0 (0)
00:00:02.667142   SSBD - Supports IA32_SPEC_CTRL.SSBD                     = 0 (0)
00:00:02.667143  Sub-leaf 2
00:00:02.667143   Mnemonic - Description                                  = Guest (Host)
00:00:02.667143   PSFD - Supports IA32_SPEC_CTRL[7] (PSFD)                = 0 (0)
00:00:02.667143   IPRED_CTRL - Supports IA32_SPEC_CTRL[4:3] (IPRED_DIS)   = 0 (0)
00:00:02.667144   RRSBA_CTRL - Supports IA32_SPEC_CTRL[6:5] (RRSBA_DIS)   = 0 (0)
00:00:02.667144   DDPD_U - Supports IA32_SPEC_CTRL[8] (DDPD_U)            = 0 (0)
00:00:02.667144   BHI_CTRL - Supports IA32_SPEC_CTRL[10] (BHI_DIS_S)      = 0 (0)
00:00:02.667144   MCDT_NO - No MXCSR Config Dependent Timing issues       = 0 (0)
00:00:02.667145   UC_LOCK_DIS - Supports UC-lock disable and causing #AC  = 0 (0)
00:00:02.667145   MONITOR_MITG_NO - No MONITOR/UMONITOR power issues      = 0 (0)
00:00:02.667145 Processor Extended State Enumeration (leaf 0xd):
00:00:02.667146    XSAVE area cur/max size by XCR0, Guest: 0x340/0x340
00:00:02.667146    XSAVE area cur/max size by XCR0,  Host: 0x980/0x980
00:00:02.667146                    Valid XCR0 bits, Guest: 0x00000000`00000007 ( x87 SSE YMM_Hi128 )
00:00:02.667147                    Valid XCR0 bits,  Host: 0x00000000`000000e7 ( x87 SSE YMM_Hi128 Opmask ZMM_Hi256 Hi16_ZMM )
00:00:02.667148                     XSAVE features, Guest
00:00:02.667149                     XSAVE features,  Host XSAVEOPT XSAVEC XGETBC1 XSAVES
00:00:02.667150       XSAVE area cur size XCR0|XSS, Guest: 0x990
00:00:02.667150       XSAVE area cur size XCR0|XSS,  Host: 0x990
00:00:02.667150                Valid IA32_XSS bits, Guest: 0x00000000`00000000
00:00:02.667150                Valid IA32_XSS bits,  Host: 0x00001800`00000000 ( 43 44 )
00:00:02.667151   State #2, Guest: off=0x0240, cb=0x0100 IA32_XSS-bit -- YMM_Hi128
00:00:02.667152   State #2,  Host:  off=0x0240, cb=0x0100 IA32_XSS-bit -- YMM_Hi128
00:00:02.667152   State #5,  Host:  off=0x0340, cb=0x0040 IA32_XSS-bit -- Opmask
00:00:02.667153   State #6,  Host:  off=0x0380, cb=0x0200 IA32_XSS-bit -- ZMM_Hi256
00:00:02.667153   State #7,  Host:  off=0x0580, cb=0x0400 IA32_XSS-bit -- Hi16_ZMM
00:00:02.667154   State #11,  Host:  off=0x0000, cb=0x0010 XCR0-bit -- 11
00:00:02.667154   State #12,  Host:  off=0x0000, cb=0x0018 XCR0-bit -- 12
00:00:02.667157          Raw Hypervisor CPUID Leaves
00:00:02.667157      Leaf/sub-leaf  eax      ebx      ecx      edx
00:00:02.667157 Hst: 40000000/0000  4000000c 7263694d 666f736f 76482074
00:00:02.667158 Hst: 40000001/0000  31237648 00000000 00000000 00000000
00:00:02.667158 Hst: 40000002/0000  000065f4 000a0000 00000008 000021cf
00:00:02.667158 Hst: 40000003/0000  00003fff 002bb9ff 00000662 77fffbf6
00:00:02.667159 Hst: 40000004/0000  00940d1c 00000000 00000000 00000000
00:00:02.667159 Hst: 40000005/0000  00000800 00000800 00001740 00000000
00:00:02.667159 Hst: 40000006/0000  083e00ae 00000030 00000000 00000000
00:00:02.667160 Hst: 40000007/0000  80000007 0000000b 00000000 00000000
00:00:02.667160 Hst: 40000008/0000  00100003 00010000 00000000 00000000
00:00:02.667160 Hst: 40000009/0000  00000000 00000000 00000000 00000000
00:00:02.667160 Hst: 4000000a/0000  00000000 00000000 00000000 00000000
00:00:02.667161 Hst: 4000000b/0000  00000000 00000000 00000000 00000000
00:00:02.667161 Hst: 4000000c/0000  00000000 00000000 00000000 00000000
00:00:02.667161          Raw Extended CPUID Leaves
00:00:02.667161      Leaf/sub-leaf  eax      ebx      ecx      edx
00:00:02.667161 Gst: 80000000/0000  80000021 68747541 444d4163 69746e65
00:00:02.667162 Hst:                80000027 68747541 444d4163 69746e65
00:00:02.667162 Gst: 80000001/0000  00a60f12 10000000 000001f1 2bd3fb7f
00:00:02.667162 Hst:                00a60f12 10000000 20c023f3 2fd3fbff
00:00:02.667163 Gst: 80000002/0000  20444d41 657a7952 2039206e 30343937
00:00:02.667163 Hst:                20444d41 657a7952 2039206e 30343937
00:00:02.667163 Gst: 80000003/0000  77205848 20687469 65646152 47206e6f
00:00:02.667163 Hst:                77205848 20687469 65646152 47206e6f
00:00:02.667164 Gst: 80000004/0000  68706172 20736369 20202020 00202020
00:00:02.667164 Hst:                68706172 20736369 20202020 00202020
00:00:02.667164 Gst: 80000005/0000  ff48ff40 ff48ff40 20080140 20080140
00:00:02.667164 Hst:                ff48ff40 ff48ff40 20080140 20080140
00:00:02.667165 Gst: 80000006/0000  5c002200 6c004200 04006140 02009140
00:00:02.667165 Hst:                5c002200 6c004200 04006140 02009140
00:00:02.667165 Gst: 80000007/0000  00000000 00000000 00000000 00000100
00:00:02.667165 Hst:                00000000 0000001b 00000000 00006789
00:00:02.667166 Gst: 80000008/0000  00003030 24000000 00000000 00000000
00:00:02.667166 Hst:                00003030 7912d215 0000501f 00010000
00:00:02.667166 Gst: 80000009/0000  00000000 00000000 00000000 00000000
00:00:02.667167 Hst:                00000000 00000000 00000000 00000000
00:00:02.667167 Gst: 8000000a/0000  00000000 00000000 00000000 00000000
00:00:02.667167 Hst:                00000000 00000000 00000000 00000000
00:00:02.667167 Gst: 8000000b/0000  00000000 00000000 00000000 00000000
00:00:02.667168 Hst:                00000000 00000000 00000000 00000000
00:00:02.667168 Gst: 8000000c/0000  00000000 00000000 00000000 00000000
00:00:02.667168 Hst:                00000000 00000000 00000000 00000000
00:00:02.667168 Gst: 8000000d/0000  00000000 00000000 00000000 00000000
00:00:02.667169 Hst:                00000000 00000000 00000000 00000000
00:00:02.667169 Gst: 8000000e/0000  00000000 00000000 00000000 00000000
00:00:02.667169 Hst:                00000000 00000000 00000000 00000000
00:00:02.667169 Gst: 8000000f/0000  00000000 00000000 00000000 00000000
00:00:02.667170 Hst:                00000000 00000000 00000000 00000000
00:00:02.667170 Gst: 80000010/0000  00000000 00000000 00000000 00000000
00:00:02.667170 Hst:                00000000 00000000 00000000 00000000
00:00:02.667170 Gst: 80000011/0000  00000000 00000000 00000000 00000000
00:00:02.667171 Hst:                00000000 00000000 00000000 00000000
00:00:02.667171 Gst: 80000012/0000  00000000 00000000 00000000 00000000
00:00:02.667171 Hst:                00000000 00000000 00000000 00000000
00:00:02.667171 Gst: 80000013/0000  00000000 00000000 00000000 00000000
00:00:02.667171 Hst:                00000000 00000000 00000000 00000000
00:00:02.667172 Gst: 80000014/0000  00000000 00000000 00000000 00000000
00:00:02.667172 Hst:                00000000 00000000 00000000 00000000
00:00:02.667172 Gst: 80000015/0000  00000000 00000000 00000000 00000000
00:00:02.667172 Hst:                00000000 00000000 00000000 00000000
00:00:02.667173 Gst: 80000016/0000  00000000 00000000 00000000 00000000
00:00:02.667173 Hst:                00000000 00000000 00000000 00000000
00:00:02.667173 Gst: 80000017/0000  00000000 00000000 00000000 00000000
00:00:02.667173 Hst:                00000000 00000000 00000000 00000000
00:00:02.667174 Gst: 80000018/0000  00000000 00000000 00000000 00000000
00:00:02.667174 Hst:                00000000 00000000 00000000 00000000
00:00:02.667174 Gst: 80000019/0000  00000000 00000000 00000000 00000000
00:00:02.667174 Hst:                00000000 00000000 00000000 00000000
00:00:02.667175 Gst: 8000001a/0000  00000002 00000000 00000000 00000000
00:00:02.667175 Hst:                00000006 00000000 00000000 00000000
00:00:02.667175 Gst: 8000001b/0000  00000000 00000000 00000000 00000000
00:00:02.667175 Hst:                00000000 00000000 00000000 00000000
00:00:02.667176 Gst: 8000001c/0000  00000000 00000000 00000000 00000000
00:00:02.667176 Hst:                00000000 00000000 00000000 00000000
00:00:02.667176 Gst: 8000001d/0000  00000121 01c0003f 0000003f 00000000
00:00:02.667176 Hst:                00004121 01c0003f 0000003f 00000000
00:00:02.667177 Gst: 8000001d/0001  00000122 01c0003f 0000003f 00000000
00:00:02.667177 Hst:                00004122 01c0003f 0000003f 00000000
00:00:02.667177 Gst: 8000001d/0002  00000143 01c0003f 000007ff 00000002
00:00:02.667178 Hst:                00004143 01c0003f 000007ff 00000002
00:00:02.667178 Gst: 8000001d/0003  00000163 03c0003f 00007fff 00000001
00:00:02.667178 Hst:                0003c163 03c0003f 00007fff 00000001
00:00:02.667178 Gst: 8000001d/0004  00000000 00000000 00000000 00000000
00:00:02.667179 Hst:                00000000 00000000 00000000 00000000
00:00:02.667179 Gst: 8000001e/0000  00000000 00000000 00000000 00000000
00:00:02.667179 Hst:                0000000c 00000106 00000000 00000000
00:00:02.667179 Gst: 8000001f/0000  00000001 000000b3 00000000 00000000
00:00:02.667180 Hst:                00000001 000000b3 00000000 00000000
00:00:02.667180 Gst: 80000020/0000  00000000 00000000 00000000 00000000
00:00:02.667180 Hst:                00000000 00000000 00000000 00000000
00:00:02.667181 Gst: 80000021/0000  00000000 00000000 00000000 00000000
00:00:02.667181 Hst:                00000001 00000000 00000000 00000000
00:00:02.667181 Hst: 80000022/0000  00000002 00000100 00000000 00000000
00:00:02.667181 Hst: 80000023/0000  00000000 00000000 00000000 00000000
00:00:02.667182 Hst: 80000024/0000  00000000 00000000 00000000 00000000
00:00:02.667182 Hst: 80000025/0000  00000000 00000000 00000000 00000000
00:00:02.667182 Hst: 80000026/0000  00000001 00000002 00000100 0000000c
00:00:02.667183 Hst: 80000027/0000  00000000 00000000 00000000 00000000
00:00:02.667183 Ext Name:                        AuthenticAMD
00:00:02.667183 Ext Supports:                    0x80000000-0x80000021
00:00:02.667183 Family:                          15  	Extended: 10 	Effective: 25
00:00:02.667184 Model:                           1  	Extended: 6 	Effective: 97
00:00:02.667184 Stepping:                        2
00:00:02.667184 Brand ID:                        0x000
00:00:02.667184 Ext Features
00:00:02.667184   Mnemonic - Description                                  = Guest (Host)
00:00:02.667185   FPU - x87 FPU on Chip                                   = 1 (1)
00:00:02.667185   VME - Virtual 8086 Mode Enhancements                    = 1 (1)
00:00:02.667186   DE - Debugging extensions                               = 1 (1)
00:00:02.667186   PSE - Page Size Extension                               = 1 (1)
00:00:02.667187   TSC - Time Stamp Counter                                = 1 (1)
00:00:02.667187   MSR - K86 Model Specific Registers                      = 1 (1)
00:00:02.667187   PAE - Physical Address Extension                        = 1 (1)
00:00:02.667188   MCE - Machine Check Exception                           = 0 (1)
00:00:02.667188   CX8 - CMPXCHG8B instruction                             = 1 (1)
00:00:02.667188   APIC - APIC On-Chip                                     = 1 (1)
00:00:02.667189   SEP - SYSCALL/SYSRET                                    = 1 (1)
00:00:02.667189   MTRR - Memory Type Range Registers                      = 1 (1)
00:00:02.667190   PGE - PTE Global Bit                                    = 1 (1)
00:00:02.667190   MCA - Machine Check Architecture                        = 1 (1)
00:00:02.667191   CMOV - Conditional Move instructions                    = 1 (1)
00:00:02.667191   PAT - Page Attribute Table                              = 1 (1)
00:00:02.667191   PSE-36 - 36-bit Page Size Extension                     = 1 (1)
00:00:02.667192   NX - No-Execute/Execute-Disable                         = 1 (1)
00:00:02.667192   AXMMX - AMD Extensions to MMX instructions              = 1 (1)
00:00:02.667192   MMX - Intel MMX Technology                              = 1 (1)
00:00:02.667193   FXSR - FXSAVE and FXRSTOR Instructions                  = 1 (1)
00:00:02.667193   FFXSR - AMD fast FXSAVE and FXRSTOR instructions        = 1 (1)
00:00:02.667193   Page1GB - 1 GB large page                               = 0 (1)
00:00:02.667194   RDTSCP - RDTSCP instruction                             = 1 (1)
00:00:02.667194   LM - AMD64 Long Mode                                    = 1 (1)
00:00:02.667196   3DNOWEXT - AMD Extensions to 3DNow                      = 0 (0)
00:00:02.667196   3DNOW - AMD 3DNow                                       = 0 (0)
00:00:02.667197   LahfSahf - LAHF/SAHF support in 64-bit mode             = 1 (1)
00:00:02.667197   CmpLegacy - Core multi-processing legacy mode           = 0 (1)
00:00:02.667197   SVM - AMD Secure Virtual Machine extensions             = 0 (0)
00:00:02.667198   EXTAPIC - AMD Extended APIC registers                   = 0 (0)
00:00:02.667198   CR8L - AMD LOCK MOV CR0 means MOV CR8                   = 1 (1)
00:00:02.667199   ABM - AMD Advanced Bit Manipulation                     = 1 (1)
00:00:02.667199   SSE4A - SSE4A instructions                              = 1 (1)
00:00:02.667199   MISALIGNSSE - AMD Misaligned SSE mode                   = 1 (1)
00:00:02.667200   3DNOWPRF - AMD PREFETCH and PREFETCHW instructions      = 1 (1)
00:00:02.667200   OSVW - AMD OS Visible Workaround                        = 0 (1)
00:00:02.667200   IBS - Instruct Based Sampling                           = 0 (0)
00:00:02.667201   XOP - Extended Operation support                        = 0 (0)
00:00:02.667201   SKINIT - SKINIT, STGI, and DEV support                  = 0 (0)
00:00:02.667201   WDT - AMD Watchdog Timer support                        = 0 (1)
00:00:02.667202   LWP - Lightweight Profiling support                     = 0 (0)
00:00:02.667202   FMA4 - Four operand FMA instruction support             = 0 (0)
00:00:02.667202   TCE - Translation Cache Extension support               = 0 (0)
00:00:02.667203   NodeId - NodeId in MSR C001_100C                        = 0 (0)
00:00:02.667203   TBM - Trailing Bit Manipulation instructions            = 0 (0)
00:00:02.667203   TOPOEXT - Topology Extensions                           = 0 (1)
00:00:02.667204   PRFEXTCORE - Performance Counter Extensions support     = 0 (1)
00:00:02.667204   PRFEXTNB - NB Performance Counter Extensions support    = 0 (0)
00:00:02.667204   DATABPEXT - Data-access Breakpoint Extension            = 0 (0)
00:00:02.667205   PERFTSC - Performance Time Stamp Counter                = 0 (0)
00:00:02.667205   PCX_L2I - L2I/L3 Performance Counter Extensions         = 0 (0)
00:00:02.667205   MONITORX - MWAITX and MONITORX instructions             = 0 (1)
00:00:02.667206   AddrMaskExt - BP Addressing masking extended to bit 31  = 0 (0)
00:00:02.667206 Full Name:                       "AMD Ryzen 9 7940HX with Radeon Graphics        "
00:00:02.667206 TLB 2/4M Instr/Uni:              fully  64 entries
00:00:02.667207 TLB 2/4M Data:                   fully  72 entries
00:00:02.667207 TLB 4K Instr/Uni:                fully  64 entries
00:00:02.667207 TLB 4K Data:                     fully  72 entries
00:00:02.667207 L1 Instr Cache Line Size:        64 bytes
00:00:02.667207 L1 Instr Cache Lines Per Tag:    1
00:00:02.667208 L1 Instr Cache Associativity:    8 way
00:00:02.667208 L1 Instr Cache Size:             32 KB
00:00:02.667208 L1 Data Cache Line Size:         64 bytes
00:00:02.667208 L1 Data Cache Lines Per Tag:     1
00:00:02.667208 L1 Data Cache Associativity:     8 way
00:00:02.667208 L1 Data Cache Size:              32 KB
00:00:02.667209 L2 TLB 2/4M Instr/Uni:           2 way   512 entries
00:00:02.667209 L2 TLB 2/4M Data:                6 way  3072 entries
00:00:02.667209 L2 TLB 4K Instr/Uni:             4 way   512 entries
00:00:02.667209 L2 TLB 4K Data:                  8 way  3072 entries
00:00:02.667209 L2 Cache Line Size:              64 bytes
00:00:02.667209 L2 Cache Lines Per Tag:          1
00:00:02.667210 L2 Cache Associativity:          8 way 
00:00:02.667210 L2 Cache Size:                   1024 KB
00:00:02.667211 L3 Cache Line Size:              64 bytes
00:00:02.667211 L3 Cache Lines Per Tag:          1
00:00:02.667211 L3 Cache Associativity:          tpoext
00:00:02.667211 L3 Cache Size:                   65536 KB
00:00:02.667212 APM Features EDX
00:00:02.667212   Mnemonic - Description                                  = Guest (Host)
00:00:02.667213   TS - Temperature Sensor                                 = 0 (1)
00:00:02.667214   FID - Frequency ID control                              = 0 (0)
00:00:02.667214   VID - Voltage ID control                                = 0 (0)
00:00:02.667214   TTP - Thermal Trip                                      = 0 (1)
00:00:02.667215   TM - Hardware Thermal Control (HTC)                     = 0 (0)
00:00:02.667215   100MHzSteps - 100 MHz Multiplier control                = 0 (0)
00:00:02.667216   HwPstate - Hardware P-state control                     = 0 (1)
00:00:02.667216   TscInvariant - Invariant Time Stamp Counter             = 1 (1)
00:00:02.667216   CPB - Core Performance Boost                            = 0 (1)
00:00:02.667217   EffFreqRO - Read-only Effective Frequency Interface     = 0 (1)
00:00:02.667217   ProcFdbkIf - Processor Feedback Interface               = 0 (0)
00:00:02.667217   ProcPwrRep - Core power reporting interface support     = 0 (0)
00:00:02.667217   ConnectedStandby - Connected Standby                    = 0 (1)
00:00:02.667218   RAPL - Running average power limit                      = 0 (1)
00:00:02.667218 Ext Features ext IDs EBX
00:00:02.667218   Mnemonic - Description                                  = Guest (Host)
00:00:02.667219   CLZERO - Clear zero instruction (cacheline)             = 0 (1)
00:00:02.667219   IRPerf - Instructions retired count support             = 0 (0)
00:00:02.667219   XSaveErPtr - Save/restore error pointers (FXSAVE/RSTOR) = 0 (1)
00:00:02.667220   INVLPGB - INVLPGB and TLBSYNC instructions              = 0 (0)
00:00:02.667220   RDPRU - RDPRU instruction                               = 0 (1)
00:00:02.667220   BE - Bandwidth Enforcement extension                    = 0 (0)
00:00:02.667221   MCOMMIT - MCOMMIT instruction                           = 0 (0)
00:00:02.667221   WBNOINVD - WBNOINVD instruction                         = 0 (1)
00:00:02.667222   IBPB - Supports the IBPB command in IA32_PRED_CMD       = 0 (1)
00:00:02.667222   INT_WBINVD - WBINVD/WBNOINVD interruptible              = 0 (0)
00:00:02.667222   IBRS - Indirect Branch Restricted Speculation           = 0 (1)
00:00:02.667222   STIBP - Single Thread Indirect Branch Prediction        = 0 (1)
00:00:02.667223   IbrsAlwaysOn - Processor prefers that IBRS be left on   = 0 (0)
00:00:02.667223   StibpAlwaysOn - Processor prefers that STIBP be left on = 0 (1)
00:00:02.667223   IbrsPreferred - IBRS preferred over software solution   = 0 (0)
00:00:02.667223   IbrsSameMode - IBRS limits same mode speculation        = 0 (0)
00:00:02.667224   EferLmsleUnsupported - EFER.LMSLE is unsupported        = 0 (1)
00:00:02.667224   INVLPGBnestedPages - INVLPGB for nested translation     = 0 (0)
00:00:02.667224   PPIN - Protected processor inventory number             = 0 (0)
00:00:02.667225   SSBD - Speculative Store Bypass Disable                 = 0 (1)
00:00:02.667225   SsbdVirtSpecCtrl - Use VIRT_SPEC_CTL for SSBD           = 0 (0)
00:00:02.667225   SsbdNotRequired - SSBD not needed on this processor     = 1 (0)
00:00:02.667226   CPPC - Collaborative Processor Performance Control      = 0 (1)
00:00:02.667226   PSFD - Predictive Store Forward Disable                 = 0 (1)
00:00:02.667226   BTC_NO - Unaffected by branch type confusion            = 1 (1)
00:00:02.667227   IBPB_RET - Clears RA predictor when PRED_CMD.IBPB set   = 0 (1)
00:00:02.667227 Physical Address Width:          48 bits
00:00:02.667227 Virtual Address Width:           48 bits
00:00:02.667227 Guest Physical Address Width:    48 bits (0)
00:00:02.667227 Physical Core Count:             1
00:00:02.667227 APIC ID size:                    1 (0x1)
00:00:02.667228 Performance TSC size:            40 bits
00:00:02.667228 Max page count for INVLPGB:      0x3030
00:00:02.667228 Max ECX for RDPRU:               0x0
00:00:02.667229 ********************* End of CPUID dump *********************
00:00:02.667258 VMEmt: Halt method global1 (5)
00:00:02.667373 VMEmt: HaltedGlobal1 config: cNsSpinBlockThresholdCfg=50000
00:00:02.667379 Changing the VM state from 'CREATING' to 'CREATED'
00:00:02.668391 NAT: DNS settings changed, triggering update
00:00:02.668404 NAT DNS Update: Stored 16885952 as nameserver #0
00:00:02.668409 NAT DNS Update: Stored 16820416 as nameserver #1
00:00:02.668413 NAT DNS Update: Stored 2 total nameservers
00:00:02.668546 SharedFolders host service: Adding host mapping
00:00:02.668558     Host path 'C:\Users\19423\Desktop\PayLoad', map name 'PayLoad', writable, automount=true, automntpnt=, create_symlinks=false, missing=true
00:00:02.668617 ERROR [COM]: aRC=E_INVALIDARG (0x80070057) aIID={6ac83d89-6ee7-4e33-8ae6-b257b2e81be8} aComponent={ConsoleWrap} aText={Shared folder path 'C:\Users\19423\Desktop\PayLoad' does not exist on the host}, preserve=false aResultDetail=0
00:00:02.668687 Console: VM runtime error: fatal=false, errorID=BrokenSharedFolder message="The shared folder 'PayLoad' could not be set up: Shared folder path 'C:\Users\19423\Desktop\PayLoad' does not exist on the host.
00:00:02.668688 The shared folder setup will not be complete. It is recommended to power down the virtual machine and fix the shared folder settings while the machine is not running"
00:00:02.668842 Changing the VM state from 'CREATED' to 'POWERING_ON'
00:00:02.668905 Changing the VM state from 'POWERING_ON' to 'RUNNING'
00:00:02.668909 Console: Machine state changed to 'Running'
00:00:02.671861 VMMDev: Guest Log: BIOS: VirtualBox 7.2.6
00:00:02.672103 PCI: Setting up resources and interrupts
00:00:02.672329 PIT: mode=2 count=0x10000 (65536) - 18.20 Hz (ch=0)
00:00:02.691150 GUI: UIMachineLogicNormal::sltCheckForRequestedVisualStateType: Requested-state=1, Machine-state=6
00:00:02.695019 Display::i_handleDisplayResize: uScreenId=0 pvVRAM=0000000000000000 w=720 h=400 bpp=0 cbLine=0x0 flags=0x0 origin=0,0
00:00:02.695605 VMMDev: Guest Log: CPUID EDX: 0x178bfbff
00:00:02.695681 PIIX3 ATA: Ctl#0: RESET, DevSel=0 AIOIf=0 CmdIf0=0x00 (-1 usec ago) CmdIf1=0x00 (-1 usec ago)
00:00:02.695705 PIIX3 ATA: Ctl#0: finished processing RESET
00:00:02.695938 VMMDev: Guest Log: BIOS: ata0-0: PCHS=32/16/63 LCHS=32/16/63
00:00:02.697126 PIIX3 ATA: Ctl#1: RESET, DevSel=0 AIOIf=0 CmdIf0=0x00 (-1 usec ago) CmdIf1=0x00 (-1 usec ago)
00:00:02.697162 PIIX3 ATA: Ctl#1: finished processing RESET
00:00:02.714663 PIT: mode=2 count=0x48d3 (18643) - 64.00 Hz (ch=0)
00:00:02.715377 Display::i_handleDisplayResize: uScreenId=0 pvVRAM=0000018bc88f0000 w=640 h=480 bpp=32 cbLine=0xA00 flags=0x0 origin=0,0
00:00:05.186345 PIT: mode=2 count=0x10000 (65536) - 18.20 Hz (ch=0)
00:00:05.186473 VMMDev: Guest Log: BIOS: Boot : bseqnr=1, bootseq=0231
00:00:05.186559 VMMDev: Guest Log: BIOS: Boot from Floppy 0 failed
00:00:05.186640 VMMDev: Guest Log: BIOS: Boot : bseqnr=2, bootseq=0023
00:00:05.187097 VMMDev: Guest Log: BIOS: Booting from CD-ROM...
00:00:05.197426 Display::i_handleDisplayResize: uScreenId=0 pvVRAM=0000000000000000 w=720 h=400 bpp=0 cbLine=0x0 flags=0x0 origin=0,0
00:00:05.516067 GUI: UIMediumEnumerator: Medium-enumeration finished!
00:00:06.135251 PIT: mode=3 count=0x2e9b (11931) - 100.00 Hz (ch=0)
00:00:20.874483 Changing the VM state from 'RUNNING' to 'SUSPENDING'
00:00:20.875418 PDMR3Suspend: 912 232 ns run time
00:00:20.875425 Changing the VM state from 'SUSPENDING' to 'SUSPENDED'
00:00:20.875430 Console: Machine state changed to 'Paused'
00:00:22.001340 GUI: Request for close-action to power VM off.
00:00:22.001496 GUI: Powering VM off..
00:00:22.003263 Console: Machine state changed to 'Stopping'
00:00:22.003684 Console::powerDown(): A request to power off the VM has been issued (mMachineState=Stopping, InUninit=0)
00:00:22.003858 Changing the VM state from 'SUSPENDED' to 'POWERING_OFF'
00:00:22.003880 ****************** Guest state at power off for VCpu 0 ******************
00:00:22.003886 Guest CPUM (VCPU 0) state: 
00:00:22.003899 rax=000000007ffff000 rbx=0000000000400000 rcx=0000000000000001 rdx=4ec4ec4ec4ec4ec5
00:00:22.003902 rsi=0000000000163200 rdi=0000000000121810 r8 =00000000000b9040 r9 =000000000018392c
00:00:22.003904 r10=000000000011003d r11=0000000000102c90 r12=000000007ffff000 r13=0000000000121979
00:00:22.003905 r14=0000000000109660 r15=000000000010fd03
00:00:22.003905 rip=000000000010f262 rsp=00000000001217e0 rbp=00000000001015a0 iopl=0  iopl=0 nv up di pl zr ac po nc
00:00:22.003906 cs={0008 base=0000000000000000 limit=ffffffff flags=0000209b}
00:00:22.003908 ds={0000 base=0000000000000000 limit=ffffffff flags=00000000}
00:00:22.003908 es={0000 base=0000000000000000 limit=ffffffff flags=00000000}
00:00:22.003909 fs={0000 base=0000000000000000 limit=ffffffff flags=00000000}
00:00:22.003909 gs={0000 base=0000000000000000 limit=ffffffff flags=00000000}
00:00:22.003910 ss={0000 base=0000000000000000 limit=00000000 flags=00004000}
00:00:22.003910 cr0=0000000080000011 cr2=0000000000400000 cr3=0000000000114000 cr4=0000000000000020
00:00:22.003911 dr0=0000000000000000 dr1=0000000000000000 dr2=0000000000000000 dr3=0000000000000000
00:00:22.003912 dr4=0000000000000000 dr5=0000000000000000 dr6=00000000ffff0ff0 dr7=0000000000000400
00:00:22.003913 gdtr=0000000000122020:003f  idtr=0000000000122080:0fff  eflags=00200056
00:00:22.003914 ldtr={0000 base=00000000 limit=0000ffff flags=00000082}
00:00:22.003915 tr  ={0028 base=00123180 limit=00000067 flags=0000008b}
00:00:22.003916 SysEnter={cs=0000 eip=0000000000000000 esp=0000000000000000}
00:00:22.003917 xcr=0000000000000001 xcr1=0000000000000000 xss=0000000000000000 (fXStateMask=0000000000000000)
00:00:22.003918 FCW=0000 FSW=0000 FTW=0000 FOP=0000 MXCSR=00001f80 MXCSR_MASK=0002ffff
00:00:22.003922 FPUIP=00000000 CS=0000 Rsrvd1=0000  FPUDP=00000000 DS=0000 Rsvrd2=0000
00:00:22.003923 ST(0)=FPR0={0000'00000000'00000000} t0 +0.0000000000000000000000 * 2 ^ -16383 (*)
00:00:22.003926 ST(1)=FPR1={0000'00000000'00000000} t0 +0.0000000000000000000000 * 2 ^ -16383 (*)
00:00:22.003927 ST(2)=FPR2={0000'00000000'00000000} t0 +0.0000000000000000000000 * 2 ^ -16383 (*)
00:00:22.003928 ST(3)=FPR3={0000'00000000'00000000} t0 +0.0000000000000000000000 * 2 ^ -16383 (*)
00:00:22.003929 ST(4)=FPR4={0000'00000000'00000000} t0 +0.0000000000000000000000 * 2 ^ -16383 (*)
00:00:22.003930 ST(5)=FPR5={0000'00000000'00000000} t0 +0.0000000000000000000000 * 2 ^ -16383 (*)
00:00:22.003931 ST(6)=FPR6={0000'00000000'00000000} t0 +0.0000000000000000000000 * 2 ^ -16383 (*)
00:00:22.003932 ST(7)=FPR7={0000'00000000'00000000} t0 +0.0000000000000000000000 * 2 ^ -16383 (*)
00:00:22.003933 XMM0 =00000000'00000000'00000000'00000000  XMM1 =00000000'00000000'00000000'00000000
00:00:22.003935 XMM2 =00000000'00000000'00000000'00000000  XMM3 =00000000'00000000'00000000'00000000
00:00:22.003936 XMM4 =00000000'00000000'00000000'00000000  XMM5 =00000000'00000000'00000000'00000000
00:00:22.003937 XMM6 =00000000'00000000'00000000'00000000  XMM7 =00000000'00000000'00000000'00000000
00:00:22.003938 XMM8 =00000000'00000000'00000000'00000000  XMM9 =00000000'00000000'00000000'00000000
00:00:22.003939 XMM10=00000000'00000000'00000000'00000000  XMM11=00000000'00000000'00000000'00000000
00:00:22.003941 XMM12=00000000'00000000'00000000'00000000  XMM13=00000000'00000000'00000000'00000000
00:00:22.003942 XMM14=00000000'00000000'00000000'00000000  XMM15=00000000'00000000'00000000'00000000
00:00:22.003943 EFER         =0000000000000500
00:00:22.003944 PAT          =0007040600070406
00:00:22.003944 STAR         =0000000000000000
00:00:22.003945 CSTAR        =0000000000000000
00:00:22.003945 LSTAR        =0000000000000000
00:00:22.003945 SFMASK       =0000000000000000
00:00:22.003945 KERNELGSBASE =0000000000000000
00:00:22.003946 MTRR_CAP          =0000000000000510
00:00:22.003946 MTRR_DEF_TYPE     =0000000000000c00
00:00:22.003947 MTRR_FIX64K_00000 =0606060606060606
00:00:22.003947 MTRR_FIX16K_80000 =0606060606060606
00:00:22.003947 MTRR_FIX16K_A0000 =0000000000000000
00:00:22.003948 MTRR_FIX4K_C0000  =0505050505050505
00:00:22.003948 MTRR_FIX4K_C8000  =0505050505050505
00:00:22.003948 MTRR_FIX4K_D0000  =0505050505050505
00:00:22.003949 MTRR_FIX4K_D8000  =0505050505050505
00:00:22.003949 MTRR_FIX4K_E0000  =0505050505050505
00:00:22.003949 MTRR_FIX4K_E8000  =0505050505050505
00:00:22.003950 MTRR_FIX4K_F0000  =0505050505050505
00:00:22.003950 MTRR_FIX4K_F8000  =0505050505050505
00:00:22.003951 MTRR_PHYSBASE[ 0] =0000000000000006 First=0000000000000000      0 MB [WB]
00:00:22.003952 MTRR_PHYSMASK[ 0] =0000fffffc000800 Last =0000000003ffffff     63 MB [64 MB]
00:00:22.003954 MTRR_PHYSBASE[ 1] =0000000000000000
00:00:22.003954 MTRR_PHYSMASK[ 1] =0000000000000000
00:00:22.003955 MTRR_PHYSBASE[ 2] =0000000000000000
00:00:22.003955 MTRR_PHYSMASK[ 2] =0000000000000000
00:00:22.003955 MTRR_PHYSBASE[ 3] =0000000000000000
00:00:22.003956 MTRR_PHYSMASK[ 3] =0000000000000000
00:00:22.003956 MTRR_PHYSBASE[ 4] =0000000000000000
00:00:22.003956 MTRR_PHYSMASK[ 4] =0000000000000000
00:00:22.003957 MTRR_PHYSBASE[ 5] =0000000000000000
00:00:22.003957 MTRR_PHYSMASK[ 5] =0000000000000000
00:00:22.003957 MTRR_PHYSBASE[ 6] =0000000000000000
00:00:22.003958 MTRR_PHYSMASK[ 6] =0000000000000000
00:00:22.003958 MTRR_PHYSBASE[ 7] =0000000000000000
00:00:22.003958 MTRR_PHYSMASK[ 7] =0000000000000000
00:00:22.003959 MTRR_PHYSBASE[ 8] =0000000000000000
00:00:22.003959 MTRR_PHYSMASK[ 8] =0000000000000000
00:00:22.003959 MTRR_PHYSBASE[ 9] =0000000000000000
00:00:22.003960 MTRR_PHYSMASK[ 9] =0000000000000000
00:00:22.003960 MTRR_PHYSBASE[10] =0000000000000000
00:00:22.003960 MTRR_PHYSMASK[10] =0000000000000000
00:00:22.003961 MTRR_PHYSBASE[11] =0000000000000000
00:00:22.003961 MTRR_PHYSMASK[11] =0000000000000000
00:00:22.003961 MTRR_PHYSBASE[12] =0000000000000000
00:00:22.003962 MTRR_PHYSMASK[12] =0000000000000000
00:00:22.003962 MTRR_PHYSBASE[13] =0000000000000000
00:00:22.003962 MTRR_PHYSMASK[13] =0000000000000000
00:00:22.003963 MTRR_PHYSBASE[14] =0000000000000000
00:00:22.003963 MTRR_PHYSMASK[14] =0000000000000000
00:00:22.003963 MTRR_PHYSBASE[15] =0000000000000000
00:00:22.003964 MTRR_PHYSMASK[15] =0000000000000000
00:00:22.003966 ***
00:00:22.003972 VCPU[0] hardware virtualization state:
00:00:22.003972 fSavedInhibit                = 0x0
00:00:22.003973 In nested-guest hwvirt mode  = false
00:00:22.003976 Hwvirt state disabled.
00:00:22.003977 ***
00:00:22.003983 Guest paging mode (VCPU #0):  AMD64 (changed 93 times), A20 enabled (changed 2 times)
00:00:22.003985 Guest SLAT mode (VCPU #0): Direct
00:00:22.003988 Shadow paging mode (VCPU #0): None
00:00:22.003989 Host paging mode:             AMD64+G+NX
00:00:22.003990 ***
00:00:22.003992 Active Timers (pVM=0000018bc4040000)
00:00:22.003992 pTimerR3         offNext  offPrev  offSched Clock               Time             Expire HzHint State                     Description
00:00:22.003996 0000018bc8340180 00000007 ffffffff ffffffff Real           558722291          558721162      0 2-ACTIVE                  VGA Refresh
00:00:22.004001 0000018bc8340380 ffffffff 00000003 ffffffff Real           558722291          558721997      0 2-ACTIVE                  CPU Load Timer
00:00:22.004005 0000018bc8490100 00000004 ffffffff ffffffff VrSy         15260350195        15265349433    100 2-ACTIVE                  i8254 PIT
00:00:22.004007 0000018bc8490200 00000009 00000002 ffffffff VrSy         15260350195        15990000000      0 2-ACTIVE                  MC146818 RTC Second
00:00:22.004009 0000018bc8490480 ffffffff 00000004 ffffffff VrSy         15260350195       599932015941      0 2-ACTIVE                  ACPI PM
00:00:22.004012 ***
00:00:22.004015 Guest GDT (GCAddr=0000000000122020 limit=3f):
00:00:22.004021 0008 - 0000ffff 00af9b00 - base=00000000 limit=ffffffff dpl=0 CodeER Accessed Present Page 16-bit 
00:00:22.004023 0010 - 0000ffff 00cf9300 - base=00000000 limit=ffffffff dpl=0 DataRW Accessed Present Page 32-bit 
00:00:22.004024 0018 - 0000ffff 00affb00 - base=00000000 limit=ffffffff dpl=3 CodeER Accessed Present Page 16-bit 
00:00:22.004025 0020 - 0000ffff 00cff300 - base=00000000 limit=ffffffff dpl=3 DataRW Accessed Present Page 32-bit 
00:00:22.004026 0028 - 31800067 00008b12 - base=00123180 limit=00000067 dpl=0 TSS32Busy Present 16-bit 
00:00:22.004027 ************** End of Guest state at power off ***************
00:00:22.004367 PDMR3PowerOff: 327 020 ns run time
00:00:22.004387 Changing the VM state from 'POWERING_OFF' to 'OFF'
00:00:22.006934 Changing the VM state from 'OFF' to 'DESTROYING'
00:00:22.006972 ************************* Statistics *************************
00:00:22.006981 /CPUM/MSR-Totals/Reads                             0 times
00:00:22.006984 /CPUM/MSR-Totals/ReadsRaisingGP                    0 times
00:00:22.006987 /CPUM/MSR-Totals/ReadsUnknown                      0 times
00:00:22.006989 /CPUM/MSR-Totals/Writes                            0 times
00:00:22.006991 /CPUM/MSR-Totals/WritesRaisingGP                   0 times
00:00:22.006993 /CPUM/MSR-Totals/WritesToIgnoredBits               0 times
00:00:22.006995 /CPUM/MSR-Totals/WritesUnknown                     0 times
00:00:22.006997 /Devices/8237A/DmaRun                              0 ticks/call (           0 ticks,       0 calls, max         0, min      -1)
00:00:22.007000 /Devices/IDE0/ATA0/Unit0/AtapiDMA                  0 times
00:00:22.007002 /Devices/IDE0/ATA0/Unit0/AtapiPIO                  0 times
00:00:22.007004 /Devices/IDE0/ATA0/Unit0/DMA                       0 times
00:00:22.007006 /Devices/IDE0/ATA0/Unit0/PIO                       7 times
00:00:22.007008 /Devices/IDE0/ATA0/Unit0/ReadBytes              2560 bytes
00:00:22.007010 /Devices/IDE0/ATA0/Unit0/StatusYields           1536 ticks/call (       10752 ticks,       7 calls, max      1824, min    1296)
00:00:22.007012 /Devices/IDE0/ATA0/Unit0/WrittenBytes              0 bytes
00:00:22.007014 /Devices/IDE0/ATA0/Unit1/AtapiDMA                  0 times
00:00:22.007016 /Devices/IDE0/ATA0/Unit1/AtapiPIO                  0 times
00:00:22.007018 /Devices/IDE0/ATA0/Unit1/DMA                       0 times
00:00:22.007022 /Devices/IDE0/ATA0/Unit1/PIO                       0 times
00:00:22.007025 /Devices/IDE0/ATA0/Unit1/ReadBytes                 0 bytes
00:00:22.007027 /Devices/IDE0/ATA0/Unit1/StatusYields              0 ticks/call (           0 ticks,       0 calls, max         0, min      -1)
00:00:22.007029 /Devices/IDE0/ATA0/Unit1/WrittenBytes              0 bytes
00:00:22.007031 /Devices/IDE0/ATA1/Unit0/AtapiDMA                  0 times
00:00:22.007033 /Devices/IDE0/ATA1/Unit0/AtapiPIO                 52 times
00:00:22.007035 /Devices/IDE0/ATA1/Unit0/DMA                       0 times
00:00:22.007037 /Devices/IDE0/ATA1/Unit0/PIO                       0 times
00:00:22.007039 /Devices/IDE0/ATA1/Unit0/ReadBytes           1218560 bytes
00:00:22.007041 /Devices/IDE0/ATA1/Unit0/StatusYields           1294 ticks/call (       41431 ticks,      32 calls, max      3624, min     481)
00:00:22.007043 /Devices/IDE0/ATA1/Unit0/WrittenBytes              0 bytes
00:00:22.007045 /Devices/IDE0/ATA1/Unit1/AtapiDMA                  0 times
00:00:22.007047 /Devices/IDE0/ATA1/Unit1/AtapiPIO                  0 times
00:00:22.007049 /Devices/IDE0/ATA1/Unit1/DMA                       0 times
00:00:22.007051 /Devices/IDE0/ATA1/Unit1/PIO                       0 times
00:00:22.007052 /Devices/IDE0/ATA1/Unit1/ReadBytes                 0 bytes
00:00:22.007054 /Devices/IDE0/ATA1/Unit1/StatusYields              0 ticks/call (           0 ticks,       0 calls, max         0, min      -1)
00:00:22.007056 /Devices/IDE0/ATA1/Unit1/WrittenBytes              0 bytes
00:00:22.007059 /Devices/VMMDev/BalloonChunks                      0 count
00:00:22.007061 /Devices/VMMDev/FastIrqAckR3                       0 count
00:00:22.007063 /Devices/VMMDev/FastIrqAckRZ                       0 count
00:00:22.007065 /Devices/VMMDev/HGCM-Kernel/BudgetAvailable 680847701 bytes
00:00:22.007067 /Devices/VMMDev/HGCM-Kernel/BudgetConfig   680847701 bytes
00:00:22.007069 /Devices/VMMDev/HGCM-Kernel/BudgetOverruns         0 bytes
00:00:22.007070 /Devices/VMMDev/HGCM-Kernel/MessageHeapUsage         0 bytes/call (           0 bytes,       0 calls, max         0, min      -1)
00:00:22.007073 /Devices/VMMDev/HGCM-Root/BudgetAvailable  680847701 bytes
00:00:22.007074 /Devices/VMMDev/HGCM-Root/BudgetConfig     680847701 bytes
00:00:22.007076 /Devices/VMMDev/HGCM-Root/BudgetOverruns           0 bytes
00:00:22.007078 /Devices/VMMDev/HGCM-Root/MessageHeapUsage         0 bytes/call (           0 bytes,       0 calls, max         0, min      -1)
00:00:22.007080 /Devices/VMMDev/HGCM-User/BudgetAvailable  680847701 bytes
00:00:22.007082 /Devices/VMMDev/HGCM-User/BudgetConfig     680847701 bytes
00:00:22.007084 /Devices/VMMDev/HGCM-User/BudgetOverruns           0 bytes
00:00:22.007086 /Devices/VMMDev/HGCM-User/MessageHeapUsage         0 bytes/call (           0 bytes,       0 calls, max         0, min      -1)
00:00:22.007088 /Devices/VMMDev/LargeReqBufAllocs                  0 count
00:00:22.007090 /Devices/VMMDev/SlowIrqAck                         0 count
00:00:22.007092 /Devices/apic/0                                    0 times
00:00:22.007116 /Devices/ichac97/Stream0/reg-CR                    0 
00:00:22.007118 /Devices/ichac97/Stream0/reg-SR                    0 
00:00:22.007121 /Devices/ichac97/Stream1/reg-CR                    0 
00:00:22.007122 /Devices/ichac97/Stream1/reg-SR                    0 
00:00:22.007126 /Devices/ichac97/Stream2/reg-CR                    0 
00:00:22.007128 /Devices/ichac97/Stream2/reg-SR                    0 
00:00:22.007130 /Devices/ichac97/UnimplementedNabmReads            0 times
00:00:22.007132 /Devices/ichac97/UnimplementedNabmWrites           0 times
00:00:22.007133 /Devices/ichac97/UnimplementedNamReads             0 times
00:00:22.007135 /Devices/ichac97/UnimplementedNamWrites            0 times
00:00:22.007156 /Devices/mc146818/Irq                              0 times
00:00:22.007158 /Devices/mc146818/IrqClear                         0 times
00:00:22.007160 /Devices/mc146818/PiActive                         0 ticks/call (           0 ticks,       0 calls, max         0, min      -1)
00:00:22.007163 /Devices/mc146818/PieFlip                          0 times
00:00:22.007165 /Devices/mc146818/TimerCB                          0 times
00:00:22.007167 /Devices/pcnet#0/ReceiveBytes                      0 bytes
00:00:22.007169 /Devices/pcnet#0/TransmitBytes                     0 bytes
00:00:22.007171 /Devices/vga/HgmsiMdaCgaAccesses                   0 times
00:00:22.007173 /Drivers/AUDIO-0/TotalStreamsCreated               0 count
00:00:22.007175 /Drivers/AUDIO-1/TotalStreamsCreated               0 count
00:00:22.007177 /Drivers/AUDIO-2/TotalStreamsCreated               0 count
00:00:22.007179 /EM/CPU0/ExitHashing/Step00-Hits               14556 times
00:00:22.007181 /EM/CPU0/ExitHashing/Step00-NewInserts           239 times
00:00:22.007183 /EM/CPU0/ExitHashing/Step01-Hits                 504 times
00:00:22.007185 /EM/CPU0/ExitHashing/Step01-NewInserts            24 times
00:00:22.007187 /EM/CPU0/ExitHashing/Step02-Hits                  11 times
00:00:22.007189 /EM/CPU0/ExitHashing/Step02-NewInserts             2 times
00:00:22.007194 /EM/CPU0/ExitHashing/Used                        265 times
00:00:22.007196 /EM/CPU0/ExitOpt/Exec                          69791 ticks/call (   194160672 ticks,    2782 calls, max   3325032, min    2688)
00:00:22.007198 /EM/CPU0/ExitOpt/ExecInstructions            1127021 times
00:00:22.007200 /EM/CPU0/ExitOpt/ExecRetReasonForcedFlag           8 times
00:00:22.007202 /EM/CPU0/ExitOpt/ExecRetReasonHostInterrupt         0 times
00:00:22.007204 /EM/CPU0/ExitOpt/ExecRetReasonLongJump             0 times
00:00:22.007206 /EM/CPU0/ExitOpt/ExecRetReasonMaxDistance       2704 times
00:00:22.007208 /EM/CPU0/ExitOpt/ExecRetReasonMaxInstructions        70 times
00:00:22.007209 /EM/CPU0/ExitOpt/ExecRetReasonNormal               0 times
00:00:22.007211 /EM/CPU0/ExitOpt/ExecRetReasonTimer                0 times
00:00:22.007213 /EM/CPU0/ExitOpt/ExecSavedExit                329721 times
00:00:22.007215 /EM/CPU0/ExitOpt/Probe                        494442 ticks/call (     6922200 ticks,      14 calls, max   2019576, min   11616)
00:00:22.007217 /EM/CPU0/ExitOpt/ProbeInstructions             39398 times
00:00:22.007219 /EM/CPU0/ExitOpt/ProbedExecWithMax                11 times
00:00:22.007221 /EM/CPU0/ExitOpt/ProbedNormal                      3 times
00:00:22.007223 /EM/CPU0/ExitOpt/ProbedToRing3                     0 times
00:00:22.007226 /GMM/ChunkTlbHits                                  0 times
00:00:22.007227 /GMM/ChunkTlbMisses                                0 times
00:00:22.007233 /GMM/VM/Allocated/cBasePages                       0 pages
00:00:22.007235 /GMM/VM/Allocated/cFixedPages                      0 pages
00:00:22.007237 /GMM/VM/Allocated/cShadowPages                     0 pages
00:00:22.007239 /GMM/VM/Reserved/cBasePages                    16487 pages
00:00:22.007241 /GMM/VM/Reserved/cFixedPages                    3076 pages
00:00:22.007242 /GMM/VM/Reserved/cShadowPages                      1 pages
00:00:22.007245 /GMM/VM/cBalloonedPages                            0 pages
00:00:22.007247 /GMM/VM/cMaxBalloonedPages                         0 pages
00:00:22.007248 /GMM/VM/cPrivatePages                              0 pages
00:00:22.007251 /GMM/VM/cReqActuallyBalloonedPages                 0 pages
00:00:22.007252 /GMM/VM/cReqBalloonedPages                         0 pages
00:00:22.007254 /GMM/VM/cReqDeflatePages                           0 pages
00:00:22.007256 /GMM/VM/cShareableModules                          0 count
00:00:22.007258 /GMM/VM/cSharedPages                               0 pages
00:00:22.007260 /GMM/VM/enmPolicy                                  1 
00:00:22.007262 /GMM/VM/enmPriority                                2 
00:00:22.007264 /GMM/VM/fBallooningEnabled                 false    
00:00:22.007266 /GMM/VM/fMayAllocate                       true     
00:00:22.007268 /GMM/VM/fSharedPagingEnabled               false    
00:00:22.007270 /GMM/cAllocatedPages                               0 pages
00:00:22.007274 /GMM/cBalloonedPages                               0 pages
00:00:22.007276 /GMM/cChunks                                       0 count
00:00:22.007278 /GMM/cDuplicatePages                               0 pages
00:00:22.007281 /GMM/cFreedChunks                                  0 count
00:00:22.007283 /GMM/cLeftBehindSharedPages                        0 pages
00:00:22.007284 /GMM/cMaxPages                             4294967295 pages
00:00:22.007287 /GMM/cOverCommittedPages                           0 pages
00:00:22.007289 /GMM/cReservedPages                            19564 pages
00:00:22.007291 /GMM/cShareableModules                             0 count
00:00:22.007293 /GMM/cSharedPages                                  0 pages
00:00:22.007295 /GMM/idFreeGeneration                      4611686018427387775 
00:00:22.007473 /GVMM/EMTs                                         1 count
00:00:22.007476 /GVMM/HostCPUs                                    32 count
00:00:22.007478 /GVMM/HostCpus/0                                   0 
00:00:22.007480 /GVMM/HostCpus/0/CurTimerHz                        0 Hz
00:00:22.007482 /GVMM/HostCpus/0/DesiredHz                         0 Hz
00:00:22.007484 /GVMM/HostCpus/0/PPTChanges                        0 times
00:00:22.007486 /GVMM/HostCpus/0/PPTStarts                         0 times
00:00:22.007488 /GVMM/HostCpus/0/idxCpuSet                         0 
00:00:22.007490 /GVMM/HostCpus/1                                   1 
00:00:22.007492 /GVMM/HostCpus/1/CurTimerHz                        0 Hz
00:00:22.007494 /GVMM/HostCpus/1/DesiredHz                         0 Hz
00:00:22.007496 /GVMM/HostCpus/1/PPTChanges                        0 times
00:00:22.007498 /GVMM/HostCpus/1/PPTStarts                         0 times
00:00:22.007500 /GVMM/HostCpus/1/idxCpuSet                         1 
00:00:22.007501 /GVMM/HostCpus/10                                 10 
00:00:22.007503 /GVMM/HostCpus/10/CurTimerHz                       0 Hz
00:00:22.007505 /GVMM/HostCpus/10/DesiredHz                        0 Hz
00:00:22.007507 /GVMM/HostCpus/10/PPTChanges                       0 times
00:00:22.007509 /GVMM/HostCpus/10/PPTStarts                        0 times
00:00:22.007511 /GVMM/HostCpus/10/idxCpuSet                       10 
00:00:22.007513 /GVMM/HostCpus/11                                 11 
00:00:22.007515 /GVMM/HostCpus/11/CurTimerHz                       0 Hz
00:00:22.007517 /GVMM/HostCpus/11/DesiredHz                        0 Hz
00:00:22.007519 /GVMM/HostCpus/11/PPTChanges                       0 times
00:00:22.007521 /GVMM/HostCpus/11/PPTStarts                        0 times
00:00:22.007523 /GVMM/HostCpus/11/idxCpuSet                       11 
00:00:22.007525 /GVMM/HostCpus/12                                 12 
00:00:22.007527 /GVMM/HostCpus/12/CurTimerHz                       0 Hz
00:00:22.007529 /GVMM/HostCpus/12/DesiredHz                        0 Hz
00:00:22.007531 /GVMM/HostCpus/12/PPTChanges                       0 times
00:00:22.007532 /GVMM/HostCpus/12/PPTStarts                        0 times
00:00:22.007534 /GVMM/HostCpus/12/idxCpuSet                       12 
00:00:22.007536 /GVMM/HostCpus/13                                 13 
00:00:22.007538 /GVMM/HostCpus/13/CurTimerHz                       0 Hz
00:00:22.007540 /GVMM/HostCpus/13/DesiredHz                        0 Hz
00:00:22.007542 /GVMM/HostCpus/13/PPTChanges                       0 times
00:00:22.007544 /GVMM/HostCpus/13/PPTStarts                        0 times
00:00:22.007546 /GVMM/HostCpus/13/idxCpuSet                       13 
00:00:22.007548 /GVMM/HostCpus/14                                 14 
00:00:22.007550 /GVMM/HostCpus/14/CurTimerHz                       0 Hz
00:00:22.007552 /GVMM/HostCpus/14/DesiredHz                        0 Hz
00:00:22.007554 /GVMM/HostCpus/14/PPTChanges                       0 times
00:00:22.007556 /GVMM/HostCpus/14/PPTStarts                        0 times
00:00:22.007558 /GVMM/HostCpus/14/idxCpuSet                       14 
00:00:22.007561 /GVMM/HostCpus/15                                 15 
00:00:22.007563 /GVMM/HostCpus/15/CurTimerHz                       0 Hz
00:00:22.007565 /GVMM/HostCpus/15/DesiredHz                        0 Hz
00:00:22.007567 /GVMM/HostCpus/15/PPTChanges                       0 times
00:00:22.007569 /GVMM/HostCpus/15/PPTStarts                        0 times
00:00:22.007571 /GVMM/HostCpus/15/idxCpuSet                       15 
00:00:22.007573 /GVMM/HostCpus/16                                 16 
00:00:22.007575 /GVMM/HostCpus/16/CurTimerHz                       0 Hz
00:00:22.007577 /GVMM/HostCpus/16/DesiredHz                        0 Hz
00:00:22.007579 /GVMM/HostCpus/16/PPTChanges                       0 times
00:00:22.007581 /GVMM/HostCpus/16/PPTStarts                        0 times
00:00:22.007583 /GVMM/HostCpus/16/idxCpuSet                       16 
00:00:22.007584 /GVMM/HostCpus/17                                 17 
00:00:22.007586 /GVMM/HostCpus/17/CurTimerHz                       0 Hz
00:00:22.007588 /GVMM/HostCpus/17/DesiredHz                        0 Hz
00:00:22.007590 /GVMM/HostCpus/17/PPTChanges                       0 times
00:00:22.007592 /GVMM/HostCpus/17/PPTStarts                        0 times
00:00:22.007594 /GVMM/HostCpus/17/idxCpuSet                       17 
00:00:22.007596 /GVMM/HostCpus/18                                 18 
00:00:22.007598 /GVMM/HostCpus/18/CurTimerHz                       0 Hz
00:00:22.007600 /GVMM/HostCpus/18/DesiredHz                        0 Hz
00:00:22.007602 /GVMM/HostCpus/18/PPTChanges                       0 times
00:00:22.007604 /GVMM/HostCpus/18/PPTStarts                        0 times
00:00:22.007606 /GVMM/HostCpus/18/idxCpuSet                       18 
00:00:22.007608 /GVMM/HostCpus/19                                 19 
00:00:22.007610 /GVMM/HostCpus/19/CurTimerHz                       0 Hz
00:00:22.007612 /GVMM/HostCpus/19/DesiredHz                        0 Hz
00:00:22.007614 /GVMM/HostCpus/19/PPTChanges                       0 times
00:00:22.007615 /GVMM/HostCpus/19/PPTStarts                        0 times
00:00:22.007617 /GVMM/HostCpus/19/idxCpuSet                       19 
00:00:22.007619 /GVMM/HostCpus/2                                   2 
00:00:22.007621 /GVMM/HostCpus/2/CurTimerHz                        0 Hz
00:00:22.007623 /GVMM/HostCpus/2/DesiredHz                         0 Hz
00:00:22.007625 /GVMM/HostCpus/2/PPTChanges                        0 times
00:00:22.007627 /GVMM/HostCpus/2/PPTStarts                         0 times
00:00:22.007629 /GVMM/HostCpus/2/idxCpuSet                         2 
00:00:22.007631 /GVMM/HostCpus/20                                 20 
00:00:22.007633 /GVMM/HostCpus/20/CurTimerHz                       0 Hz
00:00:22.007635 /GVMM/HostCpus/20/DesiredHz                        0 Hz
00:00:22.007637 /GVMM/HostCpus/20/PPTChanges                       0 times
00:00:22.007639 /GVMM/HostCpus/20/PPTStarts                        0 times
00:00:22.007641 /GVMM/HostCpus/20/idxCpuSet                       20 
00:00:22.007643 /GVMM/HostCpus/21                                 21 
00:00:22.007645 /GVMM/HostCpus/21/CurTimerHz                       0 Hz
00:00:22.007647 /GVMM/HostCpus/21/DesiredHz                        0 Hz
00:00:22.007648 /GVMM/HostCpus/21/PPTChanges                       0 times
00:00:22.007650 /GVMM/HostCpus/21/PPTStarts                        0 times
00:00:22.007652 /GVMM/HostCpus/21/idxCpuSet                       21 
00:00:22.007654 /GVMM/HostCpus/22                                 22 
00:00:22.007656 /GVMM/HostCpus/22/CurTimerHz                       0 Hz
00:00:22.007658 /GVMM/HostCpus/22/DesiredHz                        0 Hz
00:00:22.007662 /GVMM/HostCpus/22/PPTChanges                       0 times
00:00:22.007666 /GVMM/HostCpus/22/PPTStarts                        0 times
00:00:22.007668 /GVMM/HostCpus/22/idxCpuSet                       22 
00:00:22.007670 /GVMM/HostCpus/23                                 23 
00:00:22.007672 /GVMM/HostCpus/23/CurTimerHz                       0 Hz
00:00:22.007675 /GVMM/HostCpus/23/DesiredHz                        0 Hz
00:00:22.007677 /GVMM/HostCpus/23/PPTChanges                       0 times
00:00:22.007679 /GVMM/HostCpus/23/PPTStarts                        0 times
00:00:22.007681 /GVMM/HostCpus/23/idxCpuSet                       23 
00:00:22.007682 /GVMM/HostCpus/24                                 24 
00:00:22.007684 /GVMM/HostCpus/24/CurTimerHz                       0 Hz
00:00:22.007686 /GVMM/HostCpus/24/DesiredHz                        0 Hz
00:00:22.007688 /GVMM/HostCpus/24/PPTChanges                       0 times
00:00:22.007690 /GVMM/HostCpus/24/PPTStarts                        0 times
00:00:22.007692 /GVMM/HostCpus/24/idxCpuSet                       24 
00:00:22.007694 /GVMM/HostCpus/25                                 25 
00:00:22.007696 /GVMM/HostCpus/25/CurTimerHz                       0 Hz
00:00:22.007697 /GVMM/HostCpus/25/DesiredHz                        0 Hz
00:00:22.007699 /GVMM/HostCpus/25/PPTChanges                       0 times
00:00:22.007701 /GVMM/HostCpus/25/PPTStarts                        0 times
00:00:22.007703 /GVMM/HostCpus/25/idxCpuSet                       25 
00:00:22.007705 /GVMM/HostCpus/26                                 26 
00:00:22.007707 /GVMM/HostCpus/26/CurTimerHz                       0 Hz
00:00:22.007709 /GVMM/HostCpus/26/DesiredHz                        0 Hz
00:00:22.007711 /GVMM/HostCpus/26/PPTChanges                       0 times
00:00:22.007713 /GVMM/HostCpus/26/PPTStarts                        0 times
00:00:22.007715 /GVMM/HostCpus/26/idxCpuSet                       26 
00:00:22.007716 /GVMM/HostCpus/27                                 27 
00:00:22.007718 /GVMM/HostCpus/27/CurTimerHz                       0 Hz
00:00:22.007720 /GVMM/HostCpus/27/DesiredHz                        0 Hz
00:00:22.007722 /GVMM/HostCpus/27/PPTChanges                       0 times
00:00:22.007724 /GVMM/HostCpus/27/PPTStarts                        0 times
00:00:22.007726 /GVMM/HostCpus/27/idxCpuSet                       27 
00:00:22.007728 /GVMM/HostCpus/28                                 28 
00:00:22.007730 /GVMM/HostCpus/28/CurTimerHz                       0 Hz
00:00:22.007732 /GVMM/HostCpus/28/DesiredHz                        0 Hz
00:00:22.007734 /GVMM/HostCpus/28/PPTChanges                       0 times
00:00:22.007735 /GVMM/HostCpus/28/PPTStarts                        0 times
00:00:22.007737 /GVMM/HostCpus/28/idxCpuSet                       28 
00:00:22.007739 /GVMM/HostCpus/29                                 29 
00:00:22.007741 /GVMM/HostCpus/29/CurTimerHz                       0 Hz
00:00:22.007743 /GVMM/HostCpus/29/DesiredHz                        0 Hz
00:00:22.007745 /GVMM/HostCpus/29/PPTChanges                       0 times
00:00:22.007747 /GVMM/HostCpus/29/PPTStarts                        0 times
00:00:22.007749 /GVMM/HostCpus/29/idxCpuSet                       29 
00:00:22.007751 /GVMM/HostCpus/3                                   3 
00:00:22.007753 /GVMM/HostCpus/3/CurTimerHz                        0 Hz
00:00:22.007755 /GVMM/HostCpus/3/DesiredHz                         0 Hz
00:00:22.007756 /GVMM/HostCpus/3/PPTChanges                        0 times
00:00:22.007758 /GVMM/HostCpus/3/PPTStarts                         0 times
00:00:22.007760 /GVMM/HostCpus/3/idxCpuSet                         3 
00:00:22.007762 /GVMM/HostCpus/30                                 30 
00:00:22.007764 /GVMM/HostCpus/30/CurTimerHz                       0 Hz
00:00:22.007766 /GVMM/HostCpus/30/DesiredHz                        0 Hz
00:00:22.007768 /GVMM/HostCpus/30/PPTChanges                       0 times
00:00:22.007770 /GVMM/HostCpus/30/PPTStarts                        0 times
00:00:22.007772 /GVMM/HostCpus/30/idxCpuSet                       30 
00:00:22.007774 /GVMM/HostCpus/31                                 31 
00:00:22.007775 /GVMM/HostCpus/31/CurTimerHz                       0 Hz
00:00:22.007777 /GVMM/HostCpus/31/DesiredHz                        0 Hz
00:00:22.007779 /GVMM/HostCpus/31/PPTChanges                       0 times
00:00:22.007782 /GVMM/HostCpus/31/PPTStarts                        0 times
00:00:22.007784 /GVMM/HostCpus/31/idxCpuSet                       31 
00:00:22.007786 /GVMM/HostCpus/4                                   4 
00:00:22.007788 /GVMM/HostCpus/4/CurTimerHz                        0 Hz
00:00:22.007790 /GVMM/HostCpus/4/DesiredHz                         0 Hz
00:00:22.007792 /GVMM/HostCpus/4/PPTChanges                        0 times
00:00:22.007794 /GVMM/HostCpus/4/PPTStarts                         0 times
00:00:22.007796 /GVMM/HostCpus/4/idxCpuSet                         4 
00:00:22.007798 /GVMM/HostCpus/5                                   5 
00:00:22.007800 /GVMM/HostCpus/5/CurTimerHz                        0 Hz
00:00:22.007802 /GVMM/HostCpus/5/DesiredHz                         0 Hz
00:00:22.007803 /GVMM/HostCpus/5/PPTChanges                        0 times
00:00:22.007805 /GVMM/HostCpus/5/PPTStarts                         0 times
00:00:22.007807 /GVMM/HostCpus/5/idxCpuSet                         5 
00:00:22.007809 /GVMM/HostCpus/6                                   6 
00:00:22.007811 /GVMM/HostCpus/6/CurTimerHz                        0 Hz
00:00:22.007813 /GVMM/HostCpus/6/DesiredHz                         0 Hz
00:00:22.007815 /GVMM/HostCpus/6/PPTChanges                        0 times
00:00:22.007817 /GVMM/HostCpus/6/PPTStarts                         0 times
00:00:22.007819 /GVMM/HostCpus/6/idxCpuSet                         6 
00:00:22.007820 /GVMM/HostCpus/7                                   7 
00:00:22.007822 /GVMM/HostCpus/7/CurTimerHz                        0 Hz
00:00:22.007824 /GVMM/HostCpus/7/DesiredHz                         0 Hz
00:00:22.007826 /GVMM/HostCpus/7/PPTChanges                        0 times
00:00:22.007828 /GVMM/HostCpus/7/PPTStarts                         0 times
00:00:22.007830 /GVMM/HostCpus/7/idxCpuSet                         7 
00:00:22.007832 /GVMM/HostCpus/8                                   8 
00:00:22.007834 /GVMM/HostCpus/8/CurTimerHz                        0 Hz
00:00:22.007836 /GVMM/HostCpus/8/DesiredHz                         0 Hz
00:00:22.007838 /GVMM/HostCpus/8/PPTChanges                        0 times
00:00:22.007839 /GVMM/HostCpus/8/PPTStarts                         0 times
00:00:22.007841 /GVMM/HostCpus/8/idxCpuSet                         8 
00:00:22.007843 /GVMM/HostCpus/9                                   9 
00:00:22.007845 /GVMM/HostCpus/9/CurTimerHz                        0 Hz
00:00:22.007847 /GVMM/HostCpus/9/DesiredHz                         0 Hz
00:00:22.007849 /GVMM/HostCpus/9/PPTChanges                        0 times
00:00:22.007851 /GVMM/HostCpus/9/PPTStarts                         0 times
00:00:22.007853 /GVMM/HostCpus/9/idxCpuSet                         9 
00:00:22.007855 /GVMM/Sum/HaltBlocking                          2258 calls
00:00:22.007857 /GVMM/Sum/HaltCalls                            29914 calls
00:00:22.007859 /GVMM/Sum/HaltNotBlocking                      27656 calls
00:00:22.007861 /GVMM/Sum/HaltTimeouts                          1942 calls
00:00:22.007863 /GVMM/Sum/HaltWakeUps                              0 calls
00:00:22.007865 /GVMM/Sum/PokeCalls                                0 calls
00:00:22.007867 /GVMM/Sum/PokeNotBusy                              0 calls
00:00:22.007869 /GVMM/Sum/PollCalls                                0 calls
00:00:22.007871 /GVMM/Sum/PollHalts                                0 calls
00:00:22.007873 /GVMM/Sum/PollWakeUps                              0 calls
00:00:22.007875 /GVMM/Sum/WakeUpCalls                            316 calls
00:00:22.007877 /GVMM/Sum/WakeUpNotHalted                         18 calls
00:00:22.007879 /GVMM/Sum/WakeUpWakeUps                            0 calls
00:00:22.007881 /GVMM/VCpus/0/Start                                0 ticks/call (           0 ticks,       0 calls, max         0, min       0)
00:00:22.007883 /GVMM/VCpus/0/Stop                                 0 ticks/call (           0 ticks,       0 calls, max         0, min       0)
00:00:22.007886 /GVMM/VCpus/0/cWakeUpTimerCanceled                 0 times
00:00:22.007888 /GVMM/VCpus/0/cWakeUpTimerHits                     0 times
00:00:22.007890 /GVMM/VCpus/0/cWakeUpTimerMisses                   0 times
00:00:22.007897 /GVMM/VCpus/0/cWakeUpTimerSameCpu                  0 times
00:00:22.007899 /GVMM/VM/HaltBlocking                           2258 calls
00:00:22.007901 /GVMM/VM/HaltCalls                             29914 calls
00:00:22.007903 /GVMM/VM/HaltNotBlocking                       27656 calls
00:00:22.007905 /GVMM/VM/HaltTimeouts                           1942 calls
00:00:22.007907 /GVMM/VM/HaltWakeUps                               0 calls
00:00:22.007909 /GVMM/VM/PokeCalls                                 0 calls
00:00:22.007911 /GVMM/VM/PokeNotBusy                               0 calls
00:00:22.007913 /GVMM/VM/PollCalls                                 0 calls
00:00:22.007915 /GVMM/VM/PollHalts                                 0 calls
00:00:22.007917 /GVMM/VM/PollWakeUps                               0 calls
00:00:22.007919 /GVMM/VM/WakeUpCalls                             316 calls
00:00:22.007921 /GVMM/VM/WakeUpNotHalted                          18 calls
00:00:22.007923 /GVMM/VM/WakeUpWakeUps                             0 calls
00:00:22.007925 /GVMM/VMs                                          1 count
00:00:22.007927 /HGCM/FailedPageListLocking                        0 count
00:00:22.007929 /HGCM/LargeCmdAllocs                               0 count
00:00:22.007931 /HGCM/MsgArrival                                   0 ticks/call (           0 ticks,       0 calls, max         0, min      -1)
00:00:22.007933 /HGCM/MsgCompletion                                0 ticks/call (           0 ticks,       0 calls, max         0, min      -1)
00:00:22.007935 /HGCM/MsgTotal                                     0 ticks/call (           0 ticks,       0 calls, max         0, min      -1)
00:00:22.007941 /IEM/CPU0/Interrupts/08                          173 times
00:00:22.007943 /IEM/CPU0/Interrupts/09                            1 times
00:00:22.007946 /IEM/CPU0/Interrupts/10                          296 times
00:00:22.007948 /IEM/CPU0/Interrupts/13                            3 times
00:00:22.007950 /IEM/CPU0/Interrupts/15                            1 times
00:00:22.007952 /IEM/CPU0/Interrupts/16                          159 times
00:00:22.007954 /IEM/CPU0/Interrupts/19                            1 times
00:00:22.007956 /IEM/CPU0/Interrupts/1a                            6 times
00:00:22.007958 /IEM/CPU0/Interrupts/1c                          158 times
00:00:22.007960 /IEM/CPU0/Interrupts/20                         1176 times
00:00:22.007962 /IEM/CPU0/Interrupts/21                           30 times
00:00:22.007968 /IEM/CPU0/Interrupts/6d                            1 times
00:00:22.007979 /IEM/CPU0/Tlb/Code/InvlPg                          0 
00:00:22.007981 /IEM/CPU0/Tlb/Code/InvlPg/LargeGlobal              0 
00:00:22.007983 /IEM/CPU0/Tlb/Code/InvlPg/LargeNonGlobal           0 
00:00:22.007985 /IEM/CPU0/Tlb/Code/LargePageGlobalCurLoads         0 count
00:00:22.007987 /IEM/CPU0/Tlb/Code/LargePageGlobalFirstTag ffffffffffffffff count
00:00:22.007989 /IEM/CPU0/Tlb/Code/LargePageGlobalLastTag          0 count
00:00:22.007990 /IEM/CPU0/Tlb/Code/LargePageNonGlobalCurLoads         0 count
00:00:22.007992 /IEM/CPU0/Tlb/Code/LargePageNonGlobalFirstTag ffffffffffffffff count
00:00:22.007994 /IEM/CPU0/Tlb/Code/LargePageNonGlobalLastTag         0 count
00:00:22.007996 /IEM/CPU0/Tlb/Code/Misses                          0 count
00:00:22.007998 /IEM/CPU0/Tlb/Code/Misses/GlobalLoads              0 count
00:00:22.008000 /IEM/CPU0/Tlb/Code/PhysicalRevision        fffffffffffce000 
00:00:22.008002 /IEM/CPU0/Tlb/Code/PhysicalRevisionFlushes         0 
00:00:22.008004 /IEM/CPU0/Tlb/Code/PhysicalRevisionRollovers         0 
00:00:22.008006 /IEM/CPU0/Tlb/Code/RevisionGlobal          fffff38000000000 
00:00:22.008008 /IEM/CPU0/Tlb/Code/RevisionGlobalFlushes           0 
00:00:22.008011 /IEM/CPU0/Tlb/Code/RevisionNonGlobal       fffff38000000000 
00:00:22.008013 /IEM/CPU0/Tlb/Code/RevisionNonGlobalFlushes         0 
00:00:22.008015 /IEM/CPU0/Tlb/Code/RevisionRollovers               0 
00:00:22.008017 /IEM/CPU0/Tlb/Code/SlowReads                       0 count
00:00:22.008019 /IEM/CPU0/Tlb/Data/InvlPg                          0 
00:00:22.008021 /IEM/CPU0/Tlb/Data/InvlPg/LargeGlobal              0 
00:00:22.008023 /IEM/CPU0/Tlb/Data/InvlPg/LargeNonGlobal           0 
00:00:22.008025 /IEM/CPU0/Tlb/Data/LargePageGlobalCurLoads         0 count
00:00:22.008027 /IEM/CPU0/Tlb/Data/LargePageGlobalFirstTag ffffffffffffffff count
00:00:22.008029 /IEM/CPU0/Tlb/Data/LargePageGlobalLastTag          0 count
00:00:22.008031 /IEM/CPU0/Tlb/Data/LargePageNonGlobalCurLoads         0 count
00:00:22.008033 /IEM/CPU0/Tlb/Data/LargePageNonGlobalFirstTag ffffffffffffffff count
00:00:22.008035 /IEM/CPU0/Tlb/Data/LargePageNonGlobalLastTag         0 count
00:00:22.008038 /IEM/CPU0/Tlb/Data/Misses                          0 count
00:00:22.008039 /IEM/CPU0/Tlb/Data/Misses/Core                     0 count
00:00:22.008041 /IEM/CPU0/Tlb/Data/Misses/Core/GlobalLoads         0 count
00:00:22.008044 /IEM/CPU0/Tlb/Data/Misses/Safe                     0 count
00:00:22.008045 /IEM/CPU0/Tlb/Data/Misses/Safe/Reads               0 count
00:00:22.008047 /IEM/CPU0/Tlb/Data/Misses/Safe/SubPartHits         0 count
00:00:22.008049 /IEM/CPU0/Tlb/Data/Misses/Safe/SubPartMisses         0 count
00:00:22.008051 /IEM/CPU0/Tlb/Data/Misses/Safe/SubPartMisses/GlobalLoads         0 count
00:00:22.008053 /IEM/CPU0/Tlb/Data/Misses/Safe/Writes              0 count
00:00:22.008055 /IEM/CPU0/Tlb/Data/PhysicalRevision        fffffffffffce000 
00:00:22.008057 /IEM/CPU0/Tlb/Data/PhysicalRevisionFlushes         0 
00:00:22.008059 /IEM/CPU0/Tlb/Data/PhysicalRevisionRollovers         0 
00:00:22.008061 /IEM/CPU0/Tlb/Data/RevisionGlobal          fffff38000000000 
00:00:22.008063 /IEM/CPU0/Tlb/Data/RevisionGlobalFlushes           0 
00:00:22.008064 /IEM/CPU0/Tlb/Data/RevisionNonGlobal       fffff38000000000 
00:00:22.008066 /IEM/CPU0/Tlb/Data/RevisionNonGlobalFlushes         0 
00:00:22.008068 /IEM/CPU0/Tlb/Data/RevisionRollovers               0 
00:00:22.008070 /IEM/CPU0/cInstructions                      1569205 count
00:00:22.008072 /IEM/CPU0/cLongJumps                               0 bytes
00:00:22.008074 /IEM/CPU0/cMisalignedAtomics                       0 count
00:00:22.008076 /IEM/CPU0/cPendingCommit                           0 count
00:00:22.008078 /IEM/CPU0/cPotentialExits                     400980 count
00:00:22.008080 /IEM/CPU0/cRetAspectNotImplemented                 0 count
00:00:22.008082 /IEM/CPU0/cRetErrStatuses                          0 count
00:00:22.008084 /IEM/CPU0/cRetInfStatuses                        158 count
00:00:22.008086 /IEM/CPU0/cRetInstrNotImplemented                  0 count
00:00:22.008088 /IOM/MmioMappingsStale                             0 ticks/call
00:00:22.008090 /IOM/MmioTooDeepRecursion                          0 times
00:00:22.008092 /NEM/CPU0/BreakOnCancel                            0 times
00:00:22.008094 /NEM/CPU0/BreakOnFFPost                          678 times
00:00:22.008096 /NEM/CPU0/BreakOnFFPre                            23 times
00:00:22.008098 /NEM/CPU0/BreakOnStatus                          930 times
00:00:22.008100 /NEM/CPU0/CancelAlertedEMT                         0 times
00:00:22.008102 /NEM/CPU0/CancelChangedState                       0 times
00:00:22.008105 /NEM/CPU0/ExitApicEoi                              0 times
00:00:22.008107 /NEM/CPU0/ExitApicSipiInit                         0 times
00:00:22.008109 /NEM/CPU0/ExitCanceled                           599 times
00:00:22.008111 /NEM/CPU0/ExitCpuId                               92 times
00:00:22.008113 /NEM/CPU0/ExitException                            0 times
00:00:22.008115 /NEM/CPU0/ExitExceptionBp                          0 times
00:00:22.008117 /NEM/CPU0/ExitExceptionDb                          0 times
00:00:22.008120 /NEM/CPU0/ExitExceptionGp                          0 times
00:00:22.008122 /NEM/CPU0/ExitExceptionGpMesa                      0 times
00:00:22.008124 /NEM/CPU0/ExitExceptionUd                          0 times
00:00:22.008126 /NEM/CPU0/ExitExceptionUdHandled                   0 times
00:00:22.008128 /NEM/CPU0/ExitHalt                               930 times
00:00:22.008130 /NEM/CPU0/ExitInterruptWindow                    229 times
00:00:22.008132 /NEM/CPU0/ExitMemUnmapped                       4297 times
00:00:22.008134 /NEM/CPU0/ExitMsr                                  0 times
00:00:22.008136 /NEM/CPU0/ExitPortIo                           10966 times
00:00:22.008138 /NEM/CPU0/ExitUnrecoverable                        0 times
00:00:22.008140 /NEM/CPU0/GetMsgTimeout                            0 times
00:00:22.008142 /NEM/CPU0/ImportOnDemand                         283 times
00:00:22.008144 /NEM/CPU0/ImportOnReturn                        1590 times
00:00:22.008146 /NEM/CPU0/ImportOnReturnSkipped                   41 times
00:00:22.008148 /NEM/CPU0/QueryCpuTick                             1 times
00:00:22.008150 /NEM/CPU0/StopCpuPending                           0 times
00:00:22.008152 /NEM/CPU0/StopCpuPendingAlerts                     0 times
00:00:22.008154 /NEM/CPU0/StopCpuPendingOdd                        0 times
00:00:22.008156 /NEM/CPU0/StopCpuSuccess                           0 times
00:00:22.008158 /NEM/PagesCurrentlyMapped                          0 pages
00:00:22.008160 /NEM/PagesMapCalls                                14 pages
00:00:22.008162 /NEM/PagesMapFails                                 0 pages
00:00:22.008164 /NEM/PagesMapGpaRange                         198842 ticks/call (     2386104 ticks,      12 calls, max   1351728, min   20592)
00:00:22.008166 /NEM/PagesMapGpaRangePage                          0 ticks/call (           0 ticks,       0 calls, max         0, min      -1)
00:00:22.008169 /NEM/PagesUnmapCalls                              14 pages
00:00:22.008171 /NEM/PagesUnmapFails                               0 pages
00:00:22.008173 /NEM/PagesUnmapGpaRange                            0 ticks/call (           0 ticks,       0 calls, max         0, min      -1)
00:00:22.008175 /NEM/PagesUnmapGpaRangePage                    20823 ticks/call (      291528 ticks,      14 calls, max     35064, min   18096)
00:00:22.008179 /NEM/R0Stats/cPagesAvailable                       0 pages
00:00:22.008181 /NEM/R0Stats/cPagesInUse                           0 pages
00:00:22.008183 /PDM/BlkCache/cbCached                             0 bytes
00:00:22.008185 /PDM/BlkCache/cbCachedFru                          0 bytes
00:00:22.008187 /PDM/BlkCache/cbCachedMruIn                        0 bytes
00:00:22.008189 /PDM/BlkCache/cbCachedMruOut                       0 bytes
00:00:22.008191 /PDM/BlkCache/cbMax                          5242880 bytes
00:00:22.008193 /PDM/CritSects/00-AbortedEnters                    0 times
00:00:22.008195 /PDM/CritSects/00-EntersWhileAborting              0 times
00:00:22.008197 /PDM/CritSects/00-Non-interruptible-Waits-VINF_SUCCESS         0 times
00:00:22.008199 /PDM/CritSects/00-QueuedLeaves                     0 times
00:00:22.008201 /PDM/CritSects/00-VERR_INTERRUPTED                 0 times
00:00:22.008203 /PDM/CritSects/00-VERR_TIMEOUT                     0 times
00:00:22.008205 /PDM/CritSects/8237A#0Auto/ContentionR3            0 times
00:00:22.008206 /PDM/CritSects/8237A#0Auto/ContentionR3Wait         0 ticks/time (           0 ticks,       0 times, max         0, min      -1)
00:00:22.008209 /PDM/CritSects/8237A#0Auto/ContentionRZLock         0 times
00:00:22.008210 /PDM/CritSects/8237A#0Auto/ContentionRZLockBusy         0 times
00:00:22.008212 /PDM/CritSects/8237A#0Auto/ContentionRZUnlock         0 times
00:00:22.008214 /PDM/CritSects/8237A#0Auto/ContentionRZWait         0 ticks/time (           0 ticks,       0 times, max         0, min      -1)
00:00:22.008216 /PDM/CritSects/AC'97/ContentionR3                  0 times
00:00:22.008219 /PDM/CritSects/AC'97/ContentionR3Wait              0 ticks/time (           0 ticks,       0 times, max         0, min      -1)
00:00:22.008222 /PDM/CritSects/AC'97/ContentionRZLock              0 times
00:00:22.008224 /PDM/CritSects/AC'97/ContentionRZLockBusy          0 times
00:00:22.008225 /PDM/CritSects/AC'97/ContentionRZUnlock            0 times
00:00:22.008227 /PDM/CritSects/AC'97/ContentionRZWait              0 ticks/time (           0 ticks,       0 times, max         0, min      -1)
00:00:22.008230 /PDM/CritSects/ATA#0-Ctl/ContentionR3              4 times
00:00:22.008231 /PDM/CritSects/ATA#0-Ctl/ContentionR3Wait      50123 ticks/time (      200495 ticks,       4 times, max     96192, min   29543)
00:00:22.008234 /PDM/CritSects/ATA#0-Ctl/ContentionRZLock          0 times
00:00:22.008236 /PDM/CritSects/ATA#0-Ctl/ContentionRZLockBusy         0 times
00:00:22.008237 /PDM/CritSects/ATA#0-Ctl/ContentionRZUnlock         0 times
00:00:22.008239 /PDM/CritSects/ATA#0-Ctl/ContentionRZWait          0 ticks/time (           0 ticks,       0 times, max         0, min      -1)
00:00:22.008241 /PDM/CritSects/ATA#0-Req/ContentionR3              0 times
00:00:22.008243 /PDM/CritSects/ATA#0-Req/ContentionR3Wait          0 ticks/time (           0 ticks,       0 times, max         0, min      -1)
00:00:22.008245 /PDM/CritSects/ATA#0-Req/ContentionRZLock          0 times
00:00:22.008247 /PDM/CritSects/ATA#0-Req/ContentionRZLockBusy         0 times
00:00:22.008249 /PDM/CritSects/ATA#0-Req/ContentionRZUnlock         0 times
00:00:22.008251 /PDM/CritSects/ATA#0-Req/ContentionRZWait          0 ticks/time (           0 ticks,       0 times, max         0, min      -1)
00:00:22.008253 /PDM/CritSects/ATA#1-Ctl/ContentionR3             14 times
00:00:22.008255 /PDM/CritSects/ATA#1-Ctl/ContentionR3Wait      27142 ticks/time (      379992 ticks,      14 times, max     44304, min   15336)
00:00:22.008257 /PDM/CritSects/ATA#1-Ctl/ContentionRZLock          0 times
00:00:22.008259 /PDM/CritSects/ATA#1-Ctl/ContentionRZLockBusy         0 times
00:00:22.008261 /PDM/CritSects/ATA#1-Ctl/ContentionRZUnlock         0 times
00:00:22.008263 /PDM/CritSects/ATA#1-Ctl/ContentionRZWait          0 ticks/time (           0 ticks,       0 times, max         0, min      -1)
00:00:22.008265 /PDM/CritSects/ATA#1-Req/ContentionR3              0 times
00:00:22.008267 /PDM/CritSects/ATA#1-Req/ContentionR3Wait          0 ticks/time (           0 ticks,       0 times, max         0, min      -1)
00:00:22.008269 /PDM/CritSects/ATA#1-Req/ContentionRZLock          0 times
00:00:22.008271 /PDM/CritSects/ATA#1-Req/ContentionRZLockBusy         0 times
00:00:22.008273 /PDM/CritSects/ATA#1-Req/ContentionRZUnlock         0 times
00:00:22.008275 /PDM/CritSects/ATA#1-Req/ContentionRZWait          0 ticks/time (           0 ticks,       0 times, max         0, min      -1)
00:00:22.008277 /PDM/CritSects/EHCI#0Irq/ContentionR3              0 times
00:00:22.008279 /PDM/CritSects/EHCI#0Irq/ContentionR3Wait          0 ticks/time (           0 ticks,       0 times, max         0, min      -1)
00:00:22.008281 /PDM/CritSects/EHCI#0Irq/ContentionRZLock          0 times
00:00:22.008283 /PDM/CritSects/EHCI#0Irq/ContentionRZLockBusy         0 times
00:00:22.008285 /PDM/CritSects/EHCI#0Irq/ContentionRZUnlock         0 times
00:00:22.008287 /PDM/CritSects/EHCI#0Irq/ContentionRZWait          0 ticks/time (           0 ticks,       0 times, max         0, min      -1)
00:00:22.008289 /PDM/CritSects/NOP/ContentionR3                    0 times
00:00:22.008291 /PDM/CritSects/NOP/ContentionR3Wait                0 ticks/time (           0 ticks,       0 times, max         0, min      -1)
00:00:22.008293 /PDM/CritSects/NOP/ContentionRZLock                0 times
00:00:22.008295 /PDM/CritSects/NOP/ContentionRZLockBusy            0 times
00:00:22.008297 /PDM/CritSects/NOP/ContentionRZUnlock              0 times
00:00:22.008298 /PDM/CritSects/NOP/ContentionRZWait                0 ticks/time (           0 ticks,       0 times, max         0, min      -1)
00:00:22.008302 /PDM/CritSects/OHCI#0Irq/ContentionR3              0 times
00:00:22.008304 /PDM/CritSects/OHCI#0Irq/ContentionR3Wait          0 ticks/time (           0 ticks,       0 times, max         0, min      -1)
00:00:22.008306 /PDM/CritSects/OHCI#0Irq/ContentionRZLock          0 times
00:00:22.008308 /PDM/CritSects/OHCI#0Irq/ContentionRZLockBusy         0 times
00:00:22.008310 /PDM/CritSects/OHCI#0Irq/ContentionRZUnlock         0 times
00:00:22.008312 /PDM/CritSects/OHCI#0Irq/ContentionRZWait          0 ticks/time (           0 ticks,       0 times, max         0, min      -1)
00:00:22.008314 /PDM/CritSects/PCnet#0/ContentionR3                0 times
00:00:22.008316 /PDM/CritSects/PCnet#0/ContentionR3Wait            0 ticks/time (           0 ticks,       0 times, max         0, min      -1)
00:00:22.008318 /PDM/CritSects/PCnet#0/ContentionRZLock            0 times
00:00:22.008320 /PDM/CritSects/PCnet#0/ContentionRZLockBusy         0 times
00:00:22.008322 /PDM/CritSects/PCnet#0/ContentionRZUnlock          0 times
00:00:22.008324 /PDM/CritSects/PCnet#0/ContentionRZWait            0 ticks/time (           0 ticks,       0 times, max         0, min      -1)
00:00:22.008326 /PDM/CritSects/PDM/ContentionR3                    0 times
00:00:22.008328 /PDM/CritSects/PDM/ContentionR3Wait                0 ticks/time (           0 ticks,       0 times, max         0, min      -1)
00:00:22.008330 /PDM/CritSects/PDM/ContentionRZLock                0 times
00:00:22.008332 /PDM/CritSects/PDM/ContentionRZLockBusy            0 times
00:00:22.008334 /PDM/CritSects/PDM/ContentionRZUnlock              0 times
00:00:22.008336 /PDM/CritSects/PDM/ContentionRZWait                0 ticks/time (           0 ticks,       0 times, max         0, min      -1)
00:00:22.008338 /PDM/CritSects/PGM/ContentionR3                    0 times
00:00:22.008340 /PDM/CritSects/PGM/ContentionR3Wait                0 ticks/time (           0 ticks,       0 times, max         0, min      -1)
00:00:22.008342 /PDM/CritSects/PGM/ContentionRZLock                0 times
00:00:22.008344 /PDM/CritSects/PGM/ContentionRZLockBusy            0 times
00:00:22.008346 /PDM/CritSects/PGM/ContentionRZUnlock              0 times
00:00:22.008348 /PDM/CritSects/PGM/ContentionRZWait                0 ticks/time (           0 ticks,       0 times, max         0, min      -1)
00:00:22.008350 /PDM/CritSects/TM VirtualSync Lock/ContentionR3         0 times
00:00:22.008352 /PDM/CritSects/TM VirtualSync Lock/ContentionR3Wait         0 ticks/time (           0 ticks,       0 times, max         0, min      -1)
00:00:22.008354 /PDM/CritSects/TM VirtualSync Lock/ContentionRZLock         0 times
00:00:22.008356 /PDM/CritSects/TM VirtualSync Lock/ContentionRZLockBusy         0 times
00:00:22.008358 /PDM/CritSects/TM VirtualSync Lock/ContentionRZUnlock         0 times
00:00:22.008360 /PDM/CritSects/TM VirtualSync Lock/ContentionRZWait         0 ticks/time (           0 ticks,       0 times, max         0, min      -1)
00:00:22.008362 /PDM/CritSects/TM real queue timer lock/ContentionR3         0 times
00:00:22.008364 /PDM/CritSects/TM real queue timer lock/ContentionR3Wait         0 ticks/time (           0 ticks,       0 times, max         0, min      -1)
00:00:22.008366 /PDM/CritSects/TM real queue timer lock/ContentionRZLock         0 times
00:00:22.008368 /PDM/CritSects/TM real queue timer lock/ContentionRZLockBusy         0 times
00:00:22.008370 /PDM/CritSects/TM real queue timer lock/ContentionRZUnlock         0 times
00:00:22.008372 /PDM/CritSects/TM real queue timer lock/ContentionRZWait         0 ticks/time (           0 ticks,       0 times, max         0, min      -1)
00:00:22.008374 /PDM/CritSects/TM tsc queue timer lock/ContentionR3         0 times
00:00:22.008376 /PDM/CritSects/TM tsc queue timer lock/ContentionR3Wait         0 ticks/time (           0 ticks,       0 times, max         0, min      -1)
00:00:22.008378 /PDM/CritSects/TM tsc queue timer lock/ContentionRZLock         0 times
00:00:22.008380 /PDM/CritSects/TM tsc queue timer lock/ContentionRZLockBusy         0 times
00:00:22.008383 /PDM/CritSects/TM tsc queue timer lock/ContentionRZUnlock         0 times
00:00:22.008385 /PDM/CritSects/TM tsc queue timer lock/ContentionRZWait         0 ticks/time (           0 ticks,       0 times, max         0, min      -1)
00:00:22.008387 /PDM/CritSects/TM virtual queue timer lock/ContentionR3         0 times
00:00:22.008389 /PDM/CritSects/TM virtual queue timer lock/ContentionR3Wait         0 ticks/time (           0 ticks,       0 times, max         0, min      -1)
00:00:22.008391 /PDM/CritSects/TM virtual queue timer lock/ContentionRZLock         0 times
00:00:22.008393 /PDM/CritSects/TM virtual queue timer lock/ContentionRZLockBusy         0 times
00:00:22.008395 /PDM/CritSects/TM virtual queue timer lock/ContentionRZUnlock         0 times
00:00:22.008397 /PDM/CritSects/TM virtual queue timer lock/ContentionRZWait         0 ticks/time (           0 ticks,       0 times, max         0, min      -1)
00:00:22.008399 /PDM/CritSects/TM virtual_sync queue timer lock/ContentionR3         0 times
00:00:22.008401 /PDM/CritSects/TM virtual_sync queue timer lock/ContentionR3Wait         0 ticks/time (           0 ticks,       0 times, max         0, min      -1)
00:00:22.008403 /PDM/CritSects/TM virtual_sync queue timer lock/ContentionRZLock         0 times
00:00:22.008405 /PDM/CritSects/TM virtual_sync queue timer lock/ContentionRZLockBusy         0 times
00:00:22.008407 /PDM/CritSects/TM virtual_sync queue timer lock/ContentionRZUnlock         0 times
00:00:22.008409 /PDM/CritSects/TM virtual_sync queue timer lock/ContentionRZWait         0 ticks/time (           0 ticks,       0 times, max         0, min      -1)
00:00:22.008411 /PDM/CritSects/VGA#0/ContentionR3                  0 times
00:00:22.008413 /PDM/CritSects/VGA#0/ContentionR3Wait              0 ticks/time (           0 ticks,       0 times, max         0, min      -1)
00:00:22.008415 /PDM/CritSects/VGA#0/ContentionRZLock              0 times
00:00:22.008417 /PDM/CritSects/VGA#0/ContentionRZLockBusy          0 times
00:00:22.008419 /PDM/CritSects/VGA#0/ContentionRZUnlock            0 times
00:00:22.008421 /PDM/CritSects/VGA#0/ContentionRZWait              0 ticks/time (           0 ticks,       0 times, max         0, min      -1)
00:00:22.008423 /PDM/CritSects/VGA#0_IRQ/ContentionR3              0 times
00:00:22.008425 /PDM/CritSects/VGA#0_IRQ/ContentionR3Wait          0 ticks/time (           0 ticks,       0 times, max         0, min      -1)
00:00:22.008427 /PDM/CritSects/VGA#0_IRQ/ContentionRZLock          0 times
00:00:22.008429 /PDM/CritSects/VGA#0_IRQ/ContentionRZLockBusy         0 times
00:00:22.008431 /PDM/CritSects/VGA#0_IRQ/ContentionRZUnlock         0 times
00:00:22.008433 /PDM/CritSects/VGA#0_IRQ/ContentionRZWait          0 ticks/time (           0 ticks,       0 times, max         0, min      -1)
00:00:22.008435 /PDM/CritSects/VMMDev#0/ContentionR3               0 times
00:00:22.008437 /PDM/CritSects/VMMDev#0/ContentionR3Wait           0 ticks/time (           0 ticks,       0 times, max         0, min      -1)
00:00:22.008439 /PDM/CritSects/VMMDev#0/ContentionRZLock           0 times
00:00:22.008441 /PDM/CritSects/VMMDev#0/ContentionRZLockBusy         0 times
00:00:22.008443 /PDM/CritSects/VMMDev#0/ContentionRZUnlock         0 times
00:00:22.008445 /PDM/CritSects/VMMDev#0/ContentionRZWait           0 ticks/time (           0 ticks,       0 times, max         0, min      -1)
00:00:22.008447 /PDM/CritSects/acpi#0/ContentionR3                 0 times
00:00:22.008449 /PDM/CritSects/acpi#0/ContentionR3Wait             0 ticks/time (           0 ticks,       0 times, max         0, min      -1)
00:00:22.008451 /PDM/CritSects/acpi#0/ContentionRZLock             0 times
00:00:22.008453 /PDM/CritSects/acpi#0/ContentionRZLockBusy         0 times
00:00:22.008455 /PDM/CritSects/acpi#0/ContentionRZUnlock           0 times
00:00:22.008457 /PDM/CritSects/acpi#0/ContentionRZWait             0 ticks/time (           0 ticks,       0 times, max         0, min      -1)
00:00:22.008460 /PDM/CritSects/mc146818#0Auto/ContentionR3         0 times
00:00:22.008462 /PDM/CritSects/mc146818#0Auto/ContentionR3Wait         0 ticks/time (           0 ticks,       0 times, max         0, min      -1)
00:00:22.008464 /PDM/CritSects/mc146818#0Auto/ContentionRZLock         0 times
00:00:22.008466 /PDM/CritSects/mc146818#0Auto/ContentionRZLockBusy         0 times
00:00:22.008468 /PDM/CritSects/mc146818#0Auto/ContentionRZUnlock         0 times
00:00:22.008470 /PDM/CritSects/mc146818#0Auto/ContentionRZWait         0 ticks/time (           0 ticks,       0 times, max         0, min      -1)
00:00:22.008472 /PDM/CritSects/pcarch#0Auto/ContentionR3           0 times
00:00:22.008474 /PDM/CritSects/pcarch#0Auto/ContentionR3Wait         0 ticks/time (           0 ticks,       0 times, max         0, min      -1)
00:00:22.008476 /PDM/CritSects/pcarch#0Auto/ContentionRZLock         0 times
00:00:22.008478 /PDM/CritSects/pcarch#0Auto/ContentionRZLockBusy         0 times
00:00:22.008480 /PDM/CritSects/pcarch#0Auto/ContentionRZUnlock         0 times
00:00:22.008482 /PDM/CritSects/pcarch#0Auto/ContentionRZWait         0 ticks/time (           0 ticks,       0 times, max         0, min      -1)
00:00:22.008484 /PDM/CritSects/pcbios#0Auto/ContentionR3           0 times
00:00:22.008486 /PDM/CritSects/pcbios#0Auto/ContentionR3Wait         0 ticks/time (           0 ticks,       0 times, max         0, min      -1)
00:00:22.008488 /PDM/CritSects/pcbios#0Auto/ContentionRZLock         0 times
00:00:22.008490 /PDM/CritSects/pcbios#0Auto/ContentionRZLockBusy         0 times
00:00:22.008492 /PDM/CritSects/pcbios#0Auto/ContentionRZUnlock         0 times
00:00:22.008493 /PDM/CritSects/pcbios#0Auto/ContentionRZWait         0 ticks/time (           0 ticks,       0 times, max         0, min      -1)
00:00:22.008496 /PDM/CritSects/pckbd#0Auto/ContentionR3            0 times
00:00:22.008497 /PDM/CritSects/pckbd#0Auto/ContentionR3Wait         0 ticks/time (           0 ticks,       0 times, max         0, min      -1)
00:00:22.008500 /PDM/CritSects/pckbd#0Auto/ContentionRZLock         0 times
00:00:22.008501 /PDM/CritSects/pckbd#0Auto/ContentionRZLockBusy         0 times
00:00:22.008503 /PDM/CritSects/pckbd#0Auto/ContentionRZUnlock         0 times
00:00:22.008505 /PDM/CritSects/pckbd#0Auto/ContentionRZWait         0 ticks/time (           0 ticks,       0 times, max         0, min      -1)
00:00:22.008507 /PDM/CritSects/pit#0/ContentionR3                  0 times
00:00:22.008509 /PDM/CritSects/pit#0/ContentionR3Wait              0 ticks/time (           0 ticks,       0 times, max         0, min      -1)
00:00:22.008511 /PDM/CritSects/pit#0/ContentionRZLock              0 times
00:00:22.008513 /PDM/CritSects/pit#0/ContentionRZLockBusy          0 times
00:00:22.008515 /PDM/CritSects/pit#0/ContentionRZUnlock            0 times
00:00:22.008517 /PDM/CritSects/pit#0/ContentionRZWait              0 ticks/time (           0 ticks,       0 times, max         0, min      -1)
00:00:22.008519 /PDM/CritSects/usb-ehci#0Auto/ContentionR3         0 times
00:00:22.008521 /PDM/CritSects/usb-ehci#0Auto/ContentionR3Wait         0 ticks/time (           0 ticks,       0 times, max         0, min      -1)
00:00:22.008523 /PDM/CritSects/usb-ehci#0Auto/ContentionRZLock         0 times
00:00:22.008525 /PDM/CritSects/usb-ehci#0Auto/ContentionRZLockBusy         0 times
00:00:22.008527 /PDM/CritSects/usb-ehci#0Auto/ContentionRZUnlock         0 times
00:00:22.008529 /PDM/CritSects/usb-ehci#0Auto/ContentionRZWait         0 ticks/time (           0 ticks,       0 times, max         0, min      -1)
00:00:22.008531 /PDM/CritSects/usb-ohci#0Auto/ContentionR3         0 times
00:00:22.008533 /PDM/CritSects/usb-ohci#0Auto/ContentionR3Wait         0 ticks/time (           0 ticks,       0 times, max         0, min      -1)
00:00:22.008535 /PDM/CritSects/usb-ohci#0Auto/ContentionRZLock         0 times
00:00:22.008537 /PDM/CritSects/usb-ohci#0Auto/ContentionRZLockBusy         0 times
00:00:22.008539 /PDM/CritSects/usb-ohci#0Auto/ContentionRZUnlock         0 times
00:00:22.008542 /PDM/CritSects/usb-ohci#0Auto/ContentionRZWait         0 ticks/time (           0 ticks,       0 times, max         0, min      -1)
00:00:22.008544 /PDM/CritSectsRw/00-EnterSharedWhileAborting         0 times
00:00:22.008546 /PDM/CritSectsRw/00-Excl-Non-interruptible-Waits-VINF_SUCCESS         0 times
00:00:22.008548 /PDM/CritSectsRw/00-Excl-VERR_INTERRUPTED          0 times
00:00:22.008550 /PDM/CritSectsRw/00-Excl-VERR_TIMEOUT              0 times
00:00:22.008552 /PDM/CritSectsRw/00-Shared-Non-interruptible-Waits-VINF_SUCCESS         0 times
00:00:22.008554 /PDM/CritSectsRw/00-Shared-VERR_INTERRUPTED         0 times
00:00:22.008555 /PDM/CritSectsRw/00-Shared-VERR_TIMEOUT            0 times
00:00:22.008558 /PDM/CritSectsRw/IOM Lock/ContentionR3EnterExcl         0 times
00:00:22.008559 /PDM/CritSectsRw/IOM Lock/ContentionR3EnterShared         0 times
00:00:22.008561 /PDM/CritSectsRw/IOM Lock/ContentionR3LeaveExcl         0 times
00:00:22.008563 /PDM/CritSectsRw/IOM Lock/ContentionRZEnterExcl         0 times
00:00:22.008565 /PDM/CritSectsRw/IOM Lock/ContentionRZEnterShared         0 times
00:00:22.008567 /PDM/CritSectsRw/IOM Lock/ContentionRZLeaveExcl         0 times
00:00:22.008569 /PDM/CritSectsRw/IOM Lock/ContentionRZLeaveShared         0 times
00:00:22.008571 /PDM/CritSectsRw/IOM Lock/R3EnterExcl             74 times
00:00:22.008573 /PDM/CritSectsRw/IOM Lock/R3EnterShared       302476 times
00:00:22.008574 /PDM/CritSectsRw/IOM Lock/RZEnterExcl              0 times
00:00:22.008576 /PDM/CritSectsRw/IOM Lock/RZEnterShared            0 times
00:00:22.008578 /PDM/CritSectsRw/TM real queue alloc lock/ContentionR3EnterExcl         0 times
00:00:22.008580 /PDM/CritSectsRw/TM real queue alloc lock/ContentionR3EnterShared         0 times
00:00:22.008582 /PDM/CritSectsRw/TM real queue alloc lock/ContentionR3LeaveExcl         0 times
00:00:22.008584 /PDM/CritSectsRw/TM real queue alloc lock/ContentionRZEnterExcl         0 times
00:00:22.008586 /PDM/CritSectsRw/TM real queue alloc lock/ContentionRZEnterShared         0 times
00:00:22.008588 /PDM/CritSectsRw/TM real queue alloc lock/ContentionRZLeaveExcl         0 times
00:00:22.008590 /PDM/CritSectsRw/TM real queue alloc lock/ContentionRZLeaveShared         0 times
00:00:22.008592 /PDM/CritSectsRw/TM real queue alloc lock/R3EnterExcl         8 times
00:00:22.008594 /PDM/CritSectsRw/TM real queue alloc lock/R3EnterShared         1 times
00:00:22.008595 /PDM/CritSectsRw/TM real queue alloc lock/RZEnterExcl         0 times
00:00:22.008597 /PDM/CritSectsRw/TM real queue alloc lock/RZEnterShared         0 times
00:00:22.008599 /PDM/CritSectsRw/TM tsc queue alloc lock/ContentionR3EnterExcl         0 times
00:00:22.008601 /PDM/CritSectsRw/TM tsc queue alloc lock/ContentionR3EnterShared         0 times
00:00:22.008603 /PDM/CritSectsRw/TM tsc queue alloc lock/ContentionR3LeaveExcl         0 times
00:00:22.008605 /PDM/CritSectsRw/TM tsc queue alloc lock/ContentionRZEnterExcl         0 times
00:00:22.008607 /PDM/CritSectsRw/TM tsc queue alloc lock/ContentionRZEnterShared         0 times
00:00:22.008609 /PDM/CritSectsRw/TM tsc queue alloc lock/ContentionRZLeaveExcl         0 times
00:00:22.008611 /PDM/CritSectsRw/TM tsc queue alloc lock/ContentionRZLeaveShared         0 times
00:00:22.008613 /PDM/CritSectsRw/TM tsc queue alloc lock/R3EnterExcl         0 times
00:00:22.008615 /PDM/CritSectsRw/TM tsc queue alloc lock/R3EnterShared         1 times
00:00:22.008617 /PDM/CritSectsRw/TM tsc queue alloc lock/RZEnterExcl         0 times
00:00:22.008619 /PDM/CritSectsRw/TM tsc queue alloc lock/RZEnterShared         0 times
00:00:22.008621 /PDM/CritSectsRw/TM virtual queue alloc lock/ContentionR3EnterExcl         0 times
00:00:22.008623 /PDM/CritSectsRw/TM virtual queue alloc lock/ContentionR3EnterShared         0 times
00:00:22.008625 /PDM/CritSectsRw/TM virtual queue alloc lock/ContentionR3LeaveExcl         0 times
00:00:22.008627 /PDM/CritSectsRw/TM virtual queue alloc lock/ContentionRZEnterExcl         0 times
00:00:22.008630 /PDM/CritSectsRw/TM virtual queue alloc lock/ContentionRZEnterShared         0 times
00:00:22.008632 /PDM/CritSectsRw/TM virtual queue alloc lock/ContentionRZLeaveExcl         0 times
00:00:22.008634 /PDM/CritSectsRw/TM virtual queue alloc lock/ContentionRZLeaveShared         0 times
00:00:22.008636 /PDM/CritSectsRw/TM virtual queue alloc lock/R3EnterExcl         9 times
00:00:22.008637 /PDM/CritSectsRw/TM virtual queue alloc lock/R3EnterShared         1 times
00:00:22.008639 /PDM/CritSectsRw/TM virtual queue alloc lock/RZEnterExcl         0 times
00:00:22.008641 /PDM/CritSectsRw/TM virtual queue alloc lock/RZEnterShared         0 times
00:00:22.008643 /PDM/CritSectsRw/TM virtual_sync queue alloc lock/ContentionR3EnterExcl         0 times
00:00:22.008645 /PDM/CritSectsRw/TM virtual_sync queue alloc lock/ContentionR3EnterShared         0 times
00:00:22.008647 /PDM/CritSectsRw/TM virtual_sync queue alloc lock/ContentionR3LeaveExcl         0 times
00:00:22.008649 /PDM/CritSectsRw/TM virtual_sync queue alloc lock/ContentionRZEnterExcl         0 times
00:00:22.008651 /PDM/CritSectsRw/TM virtual_sync queue alloc lock/ContentionRZEnterShared         0 times
00:00:22.008653 /PDM/CritSectsRw/TM virtual_sync queue alloc lock/ContentionRZLeaveExcl         0 times
00:00:22.008654 /PDM/CritSectsRw/TM virtual_sync queue alloc lock/ContentionRZLeaveShared         0 times
00:00:22.008656 /PDM/CritSectsRw/TM virtual_sync queue alloc lock/R3EnterExcl         9 times
00:00:22.008658 /PDM/CritSectsRw/TM virtual_sync queue alloc lock/R3EnterShared         1 times
00:00:22.008660 /PDM/CritSectsRw/TM virtual_sync queue alloc lock/RZEnterExcl         0 times
00:00:22.008662 /PDM/CritSectsRw/TM virtual_sync queue alloc lock/RZEnterShared         0 times
00:00:22.008664 /PDM/Queue/DevHlp/AllocFailures                    0 times
00:00:22.008666 /PDM/Queue/DevHlp/Flush                            0 calls
00:00:22.008668 /PDM/Queue/DevHlp/FlushLeftovers                   0 times
00:00:22.008670 /PDM/Queue/DevHlp/Insert                           0 calls
00:00:22.008671 /PDM/Queue/DevHlp/cItems                           8 count
00:00:22.008673 /PDM/Queue/DevHlp/cbItem                          56 bytes
00:00:22.008675 /PDM/Queue/DevHlp/rcOkay                           0 
00:00:22.008678 /PDM/Queue/Keyboard/AllocFailures                  0 times
00:00:22.008679 /PDM/Queue/Keyboard/Flush                          0 calls
00:00:22.008681 /PDM/Queue/Keyboard/FlushLeftovers                 0 times
00:00:22.008683 /PDM/Queue/Keyboard/Insert                        31 calls
00:00:22.008685 /PDM/Queue/Keyboard/cItems                        64 count
00:00:22.008687 /PDM/Queue/Keyboard/cbItem                        16 bytes
00:00:22.008689 /PDM/Queue/Keyboard/rcOkay                         0 
00:00:22.008691 /PDM/Queue/Mouse/AllocFailures                     0 times
00:00:22.008693 /PDM/Queue/Mouse/Flush                             0 calls
00:00:22.008695 /PDM/Queue/Mouse/FlushLeftovers                    0 times
00:00:22.008697 /PDM/Queue/Mouse/Insert                            0 calls
00:00:22.008699 /PDM/Queue/Mouse/cItems                          128 count
00:00:22.008701 /PDM/Queue/Mouse/cbItem                           32 bytes
00:00:22.008703 /PDM/Queue/Mouse/rcOkay                            0 
00:00:22.008705 /PDM/Tasks/000-PCnet-Xmit-retriggered              0 times
00:00:22.008707 /PDM/Tasks/000-PCnet-Xmit-runs                     0 times
00:00:22.008709 /PGM/CPU0/R3/Page/MapTlbMisses                     0 times
00:00:22.008711 /PGM/CPU0/R3/RamRange/TlbLocking                   1 times
00:00:22.008713 /PGM/CPU0/R3/RamRange/TlbMisses                    1 times
00:00:22.008715 /PGM/CPU0/RZ/Page/MapTlbMisses                     0 times
00:00:22.008717 /PGM/CPU0/RZ/RamRange/TlbLocking                   0 times
00:00:22.008719 /PGM/CPU0/RZ/RamRange/TlbMisses                    0 times
00:00:22.008721 /PGM/CPU0/cA20Changes                              2 times
00:00:22.008724 /PGM/CPU0/cGuestModeChanges                       93 times
00:00:22.008726 /PGM/ChunkR3Map/Mapped                             0 count
00:00:22.008728 /PGM/ChunkR3Map/Unmapped                           0 count
00:00:22.008730 /PGM/ChunkR3Map/c                                  0 count
00:00:22.008732 /PGM/ChunkR3Map/cMax                       4294967295 count
00:00:22.008734 /PGM/LargePage/Alloc                               0 ns/call (           0 ns,       0 calls, max         0, min      -1)
00:00:22.008737 /PGM/LargePage/AllocFailed                         0 times
00:00:22.008739 /PGM/LargePage/Overflow                            0 times
00:00:22.008741 /PGM/LargePage/Recheck                             0 times
00:00:22.008743 /PGM/LargePage/Refused                             0 times
00:00:22.008745 /PGM/LargePage/Reused                              0 times
00:00:22.008747 /PGM/LargePage/TlbFlush                            0 times
00:00:22.008749 /PGM/LargePage/ZeroEvict                           0 times
00:00:22.008752 /PGM/Mmio2QueryAndResetDirtyBitmap                 0 ticks/call (           0 ticks,       0 calls, max         0, min      -1)
00:00:22.008754 /PGM/Page/cAllPages                            19472 count
00:00:22.008756 /PGM/Page/cBalloonedPages                          0 count
00:00:22.008758 /PGM/Page/cHandyPages                              0 count
00:00:22.008760 /PGM/Page/cLargePages                              0 count
00:00:22.008762 /PGM/Page/cLargePagesDisabled                      0 count
00:00:22.008764 /PGM/Page/cMonitoredPages                          0 count
00:00:22.008766 /PGM/Page/cPrivatePages                        19435 count
00:00:22.008768 /PGM/Page/cPureMmioPages                          37 count
00:00:22.008770 /PGM/Page/cReadLockedPages                         0 count
00:00:22.008772 /PGM/Page/cReusedSharedPages                       0 count
00:00:22.008774 /PGM/Page/cSharedPages                             0 count
00:00:22.008776 /PGM/Page/cWriteLockedPages                        0 count
00:00:22.008778 /PGM/Page/cWrittenToPages                          0 count
00:00:22.008779 /PGM/Page/cZeroPages                               0 count
00:00:22.008782 /PGM/PhysHandlerTree/ErrorsAllocatorR3             0 times
00:00:22.008784 /PGM/PhysHandlerTree/ErrorsTree                    0 times
00:00:22.008786 /PGM/PhysHandlerTree/Inserts                      12 times
00:00:22.008787 /PGM/PhysHandlerTree/MaxHandlers                6144 times
00:00:22.008789 /PGM/PhysHandlerTree/RebalancingOperations         5 times
00:00:22.008791 /PGM/PhysHandlerTree/Removals                      0 times
00:00:22.008793 /PGM/Pool/Grow                                     0 ticks/call (           0 ticks,       0 calls, max         0, min      -1)
00:00:22.008796 /PGM/ShMod/Check                                   0 ticks/call (           0 ticks,       0 calls, max         0, min      -1)
00:00:22.008798 /PROF/CPU0/EM/Capped                               0 ticks/call (           0 ticks,       0 calls, max         0, min      -1)
00:00:22.008800 /PROF/CPU0/EM/ForcedActions                     1829 times
00:00:22.008802 /PROF/CPU0/EM/HMExec                               0 ticks/call (           0 ticks,       0 calls, max         0, min      -1)
00:00:22.008805 /PROF/CPU0/EM/HMExecuteCalled                      0 times
00:00:22.008807 /PROF/CPU0/EM/Halted                            1123 times
00:00:22.008809 /PROF/CPU0/EM/NEMExec                        9966686 ticks/call ( 16255665968 ticks,    1631 calls, max  50217240, min   60816)
00:00:22.008812 /PROF/CPU0/EM/NEMExecuteCalled                   995 times
00:00:22.008814 /PROF/CPU0/EM/REMTotal                             1 times
00:00:22.008816 /PROF/CPU0/EM/RecordedExits                    18519 times
00:00:22.008818 /PROF/CPU0/EM/Total                        43612520735 ticks/call ( 43612520735 ticks,       1 calls, max 43612520735, min 43612520735)
00:00:22.008821 /PROF/CPU0/VM/Halt/Block                      377376 ns/call ( 11285826460 ns,   29906 calls, max  16474088, min       1)
00:00:22.008824 /PROF/CPU0/VM/Halt/BlockInsomnia               84772 ns/call (  2387884198 ns,   28168 calls, max  15528212, min       1)
00:00:22.008826 /PROF/CPU0/VM/Halt/BlockOnTime               4229228 ns/call (  1230705450 ns,     291 calls, max  15576245, min     681)
00:00:22.008829 /PROF/CPU0/VM/Halt/BlockOverslept             548271 ns/call (   793348463 ns,    1447 calls, max   1630031, min   50328)
00:00:22.008831 /PROF/CPU0/VM/Halt/R0HaltBlock                     0 ns/call (           0 ns,       0 calls, max         0, min      -1)
00:00:22.008833 /PROF/CPU0/VM/Halt/R0HaltBlockInsomnia             0 ns/call (           0 ns,       0 calls, max         0, min      -1)
00:00:22.008835 /PROF/CPU0/VM/Halt/R0HaltBlockOnTime               0 ns/call (           0 ns,       0 calls, max         0, min      -1)
00:00:22.008838 /PROF/CPU0/VM/Halt/R0HaltBlockOverslept            0 ns/call (           0 ns,       0 calls, max         0, min      -1)
00:00:22.008840 /PROF/CPU0/VM/Halt/R0HaltExec                      0 times
00:00:22.008842 /PROF/CPU0/VM/Halt/R0HaltExec/FromBlock            0 times
00:00:22.008843 /PROF/CPU0/VM/Halt/R0HaltExec/FromSpin             0 times
00:00:22.008845 /PROF/CPU0/VM/Halt/R0HaltHistoryCounter            0 times
00:00:22.008847 /PROF/CPU0/VM/Halt/R0HaltHistorySucceeded          0 times
00:00:22.008849 /PROF/CPU0/VM/Halt/R0HaltHistoryToRing3            0 times
00:00:22.008851 /PROF/CPU0/VM/Halt/R0HaltToR3                      0 times
00:00:22.008853 /PROF/CPU0/VM/Halt/R0HaltToR3/FromSpin             0 times
00:00:22.008855 /PROF/CPU0/VM/Halt/R0HaltToR3/Other                0 times
00:00:22.008857 /PROF/CPU0/VM/Halt/R0HaltToR3/PendingFF            0 times
00:00:22.008858 /PROF/CPU0/VM/Halt/R0HaltToR3/PostWaitNoInt         0 times
00:00:22.008860 /PROF/CPU0/VM/Halt/R0HaltToR3/PostWaitPendingFF         0 times
00:00:22.008862 /PROF/CPU0/VM/Halt/R0HaltToR3/SmallDelta           0 times
00:00:22.008864 /PROF/CPU0/VM/Halt/Timers                       1469 ns/call (    56638245 ns,   38533 calls, max    480732, min       2)
00:00:22.008866 /PROF/CPU0/VM/Halt/Yield                           0 ns/call (           0 ns,       0 calls, max         0, min      -1)
00:00:22.008868 /Public/NetAdapter/0/BytesReceived                 0 bytes
00:00:22.008870 /Public/NetAdapter/0/BytesTransmitted              0 bytes
00:00:22.008872 /Public/NetAdapter/0/pcnet                         0 
00:00:22.008875 /Public/Storage/PIIX3IDE0/Port0/BytesRead       2560 bytes
00:00:22.008881 /Public/Storage/PIIX3IDE0/Port0/QueryBufAttempts         0 count
00:00:22.008883 /Public/Storage/PIIX3IDE0/Port0/QueryBufSuccess         0 count
00:00:22.008885 /Public/Storage/PIIX3IDE0/Port0/ReqsRead           5 count
00:00:22.008887 /Public/Storage/PIIX3IDE0/Port0/ReqsSubmitted         5 count
00:00:22.008889 /Public/Storage/PIIX3IDE0/Port0/ReqsSucceeded         5 count
00:00:22.008891 /Public/Storage/PIIX3IDE0/Port2/BytesRead    1218560 bytes
00:00:22.008893 /Public/Storage/PIIX3IDE0/Port2/QueryBufAttempts         0 count
00:00:22.008895 /Public/Storage/PIIX3IDE0/Port2/QueryBufSuccess         0 count
00:00:22.008897 /Public/Storage/PIIX3IDE0/Port2/ReqsRead          52 count
00:00:22.008899 /Public/Storage/PIIX3IDE0/Port2/ReqsSubmitted        52 count
00:00:22.008901 /Public/Storage/PIIX3IDE0/Port2/ReqsSucceeded        52 count
00:00:22.008903 /SELM/LoadHidSel/GstReadErrors                     0 times
00:00:22.008904 /SELM/LoadHidSel/NoGoodGuest                       0 times
00:00:22.008907 /TM/CPU/00/cNsExecuting                    6409169199 ns
00:00:22.008909 /TM/CPU/00/cNsHalted                       11354907346 ns
00:00:22.008911 /TM/CPU/00/cNsOther                        442444903 ns
00:00:22.008913 /TM/CPU/00/cNsTotal                        18206521448 ns
00:00:22.008915 /TM/CPU/00/cPeriodsExecuting                   17113 count
00:00:22.008917 /TM/CPU/00/cPeriodsHalted                       1123 count
00:00:22.008919 /TM/CPU/00/pctExecuting                           99 %
00:00:22.008922 /TM/CPU/00/pctHalted                               0 %
00:00:22.008924 /TM/CPU/00/pctOther                                0 %
00:00:22.008926 /TM/CPU/pctExecuting                              99 %
00:00:22.008928 /TM/CPU/pctHalted                                  0 %
00:00:22.008930 /TM/CPU/pctOther                                   0 %
00:00:22.008932 /TM/MaxHzHint                                      0 Hz
00:00:22.008934 /TM/MaxHzHint/real                                 0 Hz
00:00:22.008936 /TM/MaxHzHint/tsc                                  0 Hz
00:00:22.008938 /TM/MaxHzHint/virtual                              0 Hz
00:00:22.008940 /TM/MaxHzHint/virtual_sync                         0 Hz
00:00:22.008942 /TM/PIT/Handler                                    0 ticks/call (           0 ticks,       0 calls, max         0, min      -1)
00:00:22.008944 /TM/PIT/Irq                                        0 times
00:00:22.008946 /TM/R3/1nsSteps                                10233 times
00:00:22.008948 /TM/TSC/offCPU0                                    0 ticks
00:00:22.008950 /TM/VirtualSync/CurrentOffset              2936485670 ns
00:00:22.008952 /TRPM/ForwardRaw/IRQ/20                          963 times
00:00:22.008954 /TRPM/ForwardRaw/IRQ/21                           28 times
00:00:22.008972 /TRPM/ForwardRaw/TRAP/08                         159 times
00:00:22.008974 /TRPM/ForwardRaw/TRAP/09                           1 times
00:00:22.008977 /VMM/EmtHashCollisions/Emt00                       0 times
00:00:22.008979 /VMM/LogFlush/00-Flushes                           0 times
00:00:22.008981 /VMM/LogFlush/00-NoWakups                          0 times
00:00:22.008983 /VMM/LogFlush/CPU0/Rel/cbBuf                    4096 bytes
00:00:22.008986 /VUSB/0/cUrbsInPool                                0 count
00:00:22.008988 /VUSB/1/cUrbsInPool                                0 count
00:00:22.008990 ********************* End of statistics **********************
00:00:22.010706 NEM: Destroying partition 0000018b93ddd6b0 with its 1 VCpus...
00:00:22.013314 vmmR3LogFlusher: Terminating (VERR_OBJECT_DESTROYED)
00:00:22.013387 Changing the VM state from 'DESTROYING' to 'TERMINATED'
00:00:22.013399 Console: Machine state changed to 'PoweredOff'
00:00:22.033071 GUI: Request for async QApp quit.
00:00:22.034211 GUI: Cannot notify guest about VM window out-of-focus event
00:00:22.043600 GUI: UICommon: Handling aboutToQuit request..
00:00:23.525707 GUI: UICommon: aboutToQuit request handled!
